Workbook

Sheet Master Sheet
A1: Today is | B1: Video link | C1: =IF( OR( INDIRECT("'" & C$10 & "'!J2") = "???", INDIRECT("'" & C$10 & "'!J2") = "...", ISBLANK(INDIRECT("'" & C$10 & "'!J2")) ), IF( OR( INDIRECT("'" & C$10 & "'!I2") = "???", INDIRECT("'" & C$10 & "'!I2") = "...", ISBLANK(INDIRECT("'" & C$10 & "'!I2")) ), "No vid", INDIRECT("'" & C$10 & "'!I2") ), INDIRECT("'" & C$10 & "'!J2") ) -> No vid | D1: =IF( OR( INDIRECT("'" & D$10 & "'!J2") = "???", INDIRECT("'" & D$10 & "'!J2") = "...", ISBLANK(INDIRECT("'" & D$10 & "'!J2")) ), IF( OR( INDIRECT("'" & D$10 & "'!I2") = "???", INDIRECT("'" & D$10 & "'!I2") = "...", ISBLANK(INDIRECT("'" & D$10 & "'!I2")) ), "No vid", INDIRECT("'" & D$10 & "'!I2") ), INDIRECT("'" & D$10 & "'!J2") ) -> https://youtu.be/AdNAXgiu1kk | E1: =IF( OR( INDIRECT("'" & E$10 & "'!J2") = "???", INDIRECT("'" & E$10 & "'!J2") = "...", ISBLANK(INDIRECT("'" & E$10 & "'!J2")) ), IF( OR( INDIRECT("'" & E$10 & "'!I2") = "???", INDIRECT("'" & E$10 & "'!I2") = "...", ISBLANK(INDIRECT("'" & E$10 & "'!I2")) ), "No vid", INDIRECT("'" & E$10 & "'!I2") ), INDIRECT("'" & E$10 & "'!J2") ) -> https://youtu.be/wRpE-NXbUqQ | F1: =IF( OR( INDIRECT("'" & F$10 & "'!J2") = "???", INDIRECT("'" & F$10 & "'!J2") = "...", ISBLANK(INDIRECT("'" & F$10 & "'!J2")) ), IF( OR( INDIRECT("'" & F$10 & "'!I2") = "???", INDIRECT("'" & F$10 & "'!I2") = "...", ISBLANK(INDIRECT("'" & F$10 & "'!I2")) ), "No vid", INDIRECT("'" & F$10 & "'!I2") ), INDIRECT("'" & F$10 & "'!J2") ) -> https://youtu.be/9XrEJvCS0MY | G1: =IF( OR( INDIRECT("'" & G$10 & "'!J2") = "???", INDIRECT("'" & G$10 & "'!J2") = "...", ISBLANK(INDIRECT("'" & G$10 & "'!J2")) ), IF( OR( INDIRECT("'" & G$10 & "'!I2") = "???", INDIRECT("'" & G$10 & "'!I2") = "...", ISBLANK(INDIRECT("'" & G$10 & "'!I2")) ), "No vid", INDIRECT("'" & G$10 & "'!I2") ), INDIRECT("'" & G$10 & "'!J2") ) -> https://youtu.be/Vgs0Yb5JH6Y | H1: =IF( OR( INDIRECT("'" & H$10 & "'!J2") = "???", INDIRECT("'" & H$10 & "'!J2") = "...", ISBLANK(INDIRECT("'" & H$10 & "'!J2")) ), IF( OR( INDIRECT("'" & H$10 & "'!I2") = "???", INDIRECT("'" & H$10 & "'!I2") = "...", ISBLANK(INDIRECT("'" & H$10 & "'!I2")) ), "No vid", INDIRECT("'" & H$10 & "'!I2") ), INDIRECT("'" & H$10 & "'!J2") ) -> https://youtu.be/BbMYZRThyxo | I1: =IF( OR( INDIRECT("'" & I$10 & "'!J2") = "???", INDIRECT("'" & I$10 & "'!J2") = "...", ISBLANK(INDIRECT("'" & I$10 & "'!J2")) ), IF( OR( INDIRECT("'" & I$10 & "'!I2") = "???", INDIRECT("'" & I$10 & "'!I2") = "...", ISBLANK(INDIRECT("'" & I$10 & "'!I2")) ), "No vid", INDIRECT("'" & I$10 & "'!I2") ), INDIRECT("'" & I$10 & "'!J2") ) -> https://youtu.be/aNzNFn8fQMw | J1: =IF( OR( INDIRECT("'" & J$10 & "'!J2") = "???", INDIRECT("'" & J$10 & "'!J2") = "...", ISBLANK(INDIRECT("'" & J$10 & "'!J2")) ), IF( OR( INDIRECT("'" & J$10 & "'!I2") = "???", INDIRECT("'" & J$10 & "'!I2") = "...", ISBLANK(INDIRECT("'" & J$10 & "'!I2")) ), "No vid", INDIRECT("'" & J$10 & "'!I2") ), INDIRECT("'" & J$10 & "'!J2") ) -> https://youtu.be/X8rsJu13GSA | ... AU1: =IF( OR( INDIRECT("'" & AU$10 & "'!J2") = "???", INDIRECT("'" & AU$10 & "'!J2") = "...", ISBLANK(INDIRECT("'" & AU$10 & "'!J2")) ), IF( OR( INDIRECT("'" & AU$10 & "'!I2") = "???", INDIRECT("'" & AU$10 & "'!I2") = "...", ISBLANK(INDIRECT("'" & AU$10 & "'!I2")) ), "No vid", INDIRECT("'" & AU$10 & "'!I2") ), INDIRECT("'" & AU$10 & "'!J2") ) -> No vid
A2: =TODAY() -> 46198 | B2: Category | C2: 3x3 ao5 | D2: 3x3 ao12 | E2: 3x3 ao50 | F2: 3x3 ao100 | G2: 3x3 x10 | H2: 3x3 x42 | I2: 4x4 single | J2: 4x4 ao5 | K2: 4x4 ao12 | L2: 4x4 ao50 | M2: 4x4 ao100 | N2: 4x4 x10 | O2: 4x4 x42 | P2: 4x4 relay | Q2: 5x5 single | R2: 5x5 ao5 | S2: 5x5 ao12 | T2: 5x5 ao50 | U2: 5x5 ao100 | V2: 5x5 relay | W2: 6x6 single | X2: 6x6 ao5 | Y2: 6x6 ao12 | Z2: 6x6 relay | AA2: 7x7 single | AB2: 7x7 ao5 | AC2: 7x7 ao12 | AD2: 7x7 relay | AE2: 8x8 single | AF2: 8x8 ao5 | AG2: 9x9 single | AH2: 9x9 ao5 | AI2: 10x10 single | AJ2: 10x10 ao5 | AK2: 11x11 single | AL2: 12x12 single | AM2: 13x13 single | AN2: 14x14 single | AO2: 15x15 single | AP2: 16x16 single | AQ2: 17x17 single | AR2: 18x18 single | AS2: 19x19 single | AT2: 20x20 single | AU2: 30x30 single
B3: Time | C3: =INDIRECT("'" & C$10 & "'!C2") -> 0.337 | D3: =INDIRECT("'" & D$10 & "'!C2") -> 0.505 | E3: =INDIRECT("'" & E$10 & "'!C2") -> 0.65 | F3: =INDIRECT("'" & F$10 & "'!C2") -> 0.736 | G3: =INDIRECT("'" & G$10 & "'!C2") -> 9.953 | H3: =INDIRECT("'" & H$10 & "'!C2") -> 49.962 | I3: =INDIRECT("'" & I$10 & "'!C2") -> 0.909 | J3: =INDIRECT("'" & J$10 & "'!C2") -> 1.794 | ... N3: =INDIRECT("'" & N$10 & "'!C2") -> 26.99 | O3: {=INDIRECT("'" & O$10 & "'!K2")} -> 02:16.323 | P3: =INDIRECT("'" & P$10 & "'!C2") -> 2.309 | Q3: =INDIRECT("'" & Q$10 & "'!C2") -> 3.217 | R3: =INDIRECT("'" & R$10 & "'!C2") -> 4.96 | S3: =INDIRECT("'" & S$10 & "'!C2") -> 5.571 | T3: =INDIRECT("'" & T$10 & "'!C2") -> 6.395 | U3: =INDIRECT("'" & U$10 & "'!C2") -> 6.633 | V3: =INDIRECT("'" & V$10 & "'!C2") -> 7.844 | W3: =INDIRECT("'" & W$10 & "'!C2") -> 7.999 | ... AJ3: =INDIRECT("'" & AJ$10 & "'!C2") -> 56.743 | AK3: =INDIRECT("'" & AK$10 & "'!K2") -> 01:12.059 | AL3: =INDIRECT("'" & AL$10 & "'!K2") -> 01:33.449 | AM3: =INDIRECT("'" & AM$10 & "'!K2") -> 02:02.081 | AN3: =INDIRECT("'" & AN$10 & "'!K2") -> 02:31.269 | AO3: =INDIRECT("'" & AO$10 & "'!K2") -> 03:01.516 | AP3: =INDIRECT("'" & AP$10 & "'!K2") -> 03:33.888 | AQ3: =INDIRECT("'" & AQ$10 & "'!K2") -> 04:39.282 | AR3: =INDIRECT("'" & AR$10 & "'!K2") -> 05:15.632 | ... AU3: =INDIRECT("'" & AU$10 & "'!K2") -> 21:35.136
B4: Moves (rounded) | C4: =INDIRECT("'" & C$10 & "'!D2") -> 13.666 | D4: =INDIRECT("'" & D$10 & "'!D2") -> 20.7 | E4: =INDIRECT("'" & E$10 & "'!D2") -> 23.833 | F4: =INDIRECT("'" & F$10 & "'!D2") -> 26.153 | G4: =INDIRECT("'" & G$10 & "'!D2") -> 241 | H4: =INDIRECT("'" & H$10 & "'!D2") -> 1202 | I4: =INDIRECT("'" & I$10 & "'!D2") -> 26 | J4: =INDIRECT("'" & J$10 & "'!D2") -> 58 | ... AU4: =INDIRECT("'" & AU$10 & "'!D2") -> 50184
B5: TPS (rounded) | C5: =INDIRECT("'" & C$10 & "'!E2") -> 41.992 | D5: =INDIRECT("'" & D$10 & "'!E2") -> 40.787 | E5: =INDIRECT("'" & E$10 & "'!E2") -> 37.563 | F5: =INDIRECT("'" & F$10 & "'!E2") -> 37.017 | G5: =INDIRECT("'" & G$10 & "'!E2") -> 24.213 | H5: =INDIRECT("'" & H$10 & "'!E2") -> 24.058 | I5: =INDIRECT("'" & I$10 & "'!E2") -> 28.602 | J5: =INDIRECT("'" & J$10 & "'!E2") -> 30.992 | ... AU5: =INDIRECT("'" & AU$10 & "'!E2") -> 38.748
B6: Style | C6: =INDIRECT("'" & C$10 & "'!G2") -> Fringe | D6: =INDIRECT("'" & D$10 & "'!G2") -> Fringe | E6: =INDIRECT("'" & E$10 & "'!G2") -> Fringe | F6: =INDIRECT("'" & F$10 & "'!G2") -> Fringe | G6: =INDIRECT("'" & G$10 & "'!G2") -> Fringe | H6: =INDIRECT("'" & H$10 & "'!G2") -> Fringe | I6: =INDIRECT("'" & I$10 & "'!G2") -> Fringe | J6: =INDIRECT("'" & J$10 & "'!G2") -> Fringe | ... AU6: =INDIRECT("'" & AU$10 & "'!G2") -> 30x15 - 15x15 - 15x8 - 8x8 - 4x8 Grids
B7: Controls | C7: =INDIRECT("'" & C$10 & "'!F2") -> Tablet | D7: =INDIRECT("'" & D$10 & "'!F2") -> Tablet | E7: =INDIRECT("'" & E$10 & "'!F2") -> Tablet | F7: =INDIRECT("'" & F$10 & "'!F2") -> Tablet | G7: =INDIRECT("'" & G$10 & "'!F2") -> Tablet | H7: =INDIRECT("'" & H$10 & "'!F2") -> Tablet | I7: =INDIRECT("'" & I$10 & "'!F2") -> Tablet | J7: =INDIRECT("'" & J$10 & "'!F2") -> Tablet | ... AU7: =INDIRECT("'" & AU$10 & "'!F2") -> Mouse
A8: Days since WR | B8: WR Holder | C8: =INDIRECT("'" & C$10 & "'!B2") -> vovker | D8: =INDIRECT("'" & D$10 & "'!B2") -> dphdmn | E8: =INDIRECT("'" & E$10 & "'!B2") -> dphdmn | F8: =INDIRECT("'" & F$10 & "'!B2") -> dphdmn | G8: =INDIRECT("'" & G$10 & "'!B2") -> dphdmn | H8: =INDIRECT("'" & H$10 & "'!B2") -> dphdmn | I8: =INDIRECT("'" & I$10 & "'!B2") -> dphdmn | J8: =INDIRECT("'" & J$10 & "'!B2") -> dphdmn | ... AU8: =INDIRECT("'" & AU$10 & "'!B2") -> vovker
A9: =min(C9:AU9) -> 81 | B9: Days since WR | C9: =TODAY() - DATE( RIGHT(INDIRECT("'" & C$10 & "'!A2"), 4), MID(INDIRECT("'" & C$10 & "'!A2"), 4, 2), LEFT(INDIRECT("'" & C$10 & "'!A2"), 2) ) -> 219 | D9: =TODAY() - DATE( RIGHT(INDIRECT("'" & D$10 & "'!A2"), 4), MID(INDIRECT("'" & D$10 & "'!A2"), 4, 2), LEFT(INDIRECT("'" & D$10 & "'!A2"), 2) ) -> 489 | E9: =TODAY() - DATE( RIGHT(INDIRECT("'" & E$10 & "'!A2"), 4), MID(INDIRECT("'" & E$10 & "'!A2"), 4, 2), LEFT(INDIRECT("'" & E$10 & "'!A2"), 2) ) -> 381 | F9: =TODAY() - DATE( RIGHT(INDIRECT("'" & F$10 & "'!A2"), 4), MID(INDIRECT("'" & F$10 & "'!A2"), 4, 2), LEFT(INDIRECT("'" & F$10 & "'!A2"), 2) ) -> 81 | G9: =TODAY() - DATE( RIGHT(INDIRECT("'" & G$10 & "'!A2"), 4), MID(INDIRECT("'" & G$10 & "'!A2"), 4, 2), LEFT(INDIRECT("'" & G$10 & "'!A2"), 2) ) -> 362 | H9: =TODAY() - DATE( RIGHT(INDIRECT("'" & H$10 & "'!A2"), 4), MID(INDIRECT("'" & H$10 & "'!A2"), 4, 2), LEFT(INDIRECT("'" & H$10 & "'!A2"), 2) ) -> 327 | I9: =TODAY() - DATE( RIGHT(INDIRECT("'" & I$10 & "'!A2"), 4), MID(INDIRECT("'" & I$10 & "'!A2"), 4, 2), LEFT(INDIRECT("'" & I$10 & "'!A2"), 2) ) -> 401 | J9: =TODAY() - DATE( RIGHT(INDIRECT("'" & J$10 & "'!A2"), 4), MID(INDIRECT("'" & J$10 & "'!A2"), 4, 2), LEFT(INDIRECT("'" & J$10 & "'!A2"), 2) ) -> 296 | ... AU9: =TODAY() - DATE( RIGHT(INDIRECT("'" & AU$10 & "'!A2"), 4), MID(INDIRECT("'" & AU$10 & "'!A2"), 4, 2), LEFT(INDIRECT("'" & AU$10 & "'!A2"), 2) ) -> 367
A10: Player | B10: WR Counts | C10: 3x3 ao5 | D10: 3x3 ao12 | E10: 3x3 ao50 | F10: 3x3 ao100 | G10: 3x3 x10 | H10: 3x3 x42 | I10: 4x4 single | J10: 4x4 ao5 | K10: 4x4 ao12 | L10: 4x4 ao50 | M10: 4x4 ao100 | N10: 4x4 x10 | O10: 4x4 x42 | P10: 4x4 relay | Q10: 5x5 single | R10: 5x5 ao5 | S10: 5x5 ao12 | T10: 5x5 ao50 | U10: 5x5 ao100 | V10: 5x5 relay | W10: 6x6 single | X10: 6x6 ao5 | Y10: 6x6 ao12 | Z10: 6x6 relay | AA10: 7x7 single | AB10: 7x7 ao5 | AC10: 7x7 ao12 | AD10: 7x7 relay | AE10: 8x8 single | AF10: 8x8 ao5 | AG10: 9x9 single | AH10: 9x9 ao5 | AI10: 10x10 single | AJ10: 10x10 ao5 | AK10: 11x11 single | AL10: 12x12 single | AM10: 13x13 single | AN10: 14x14 single | AO10: 15x15 single | AP10: 16x16 single | AQ10: 17x17 single | AR10: 18x18 single | AS10: 19x19 single | AT10: 20x20 single | AU10: 30x30 single
A11: dphdmn | B11: =Sum(C11:AU11) -> 125 | C11: =SUMPRODUCT( (INDIRECT("'" & C$10 & "'!B2:B" & COUNTA(INDIRECT("'" & C$10 & "'!B:B"))) = $A11) * (INDIRECT("'" & C$10 & "'!B2:B" & COUNTA(INDIRECT("'" & C$10 & "'!B:B"))) <> INDIRECT("'" & C$10 & "'!B1:B" & COUNTA(INDIRECT("'" & C$10 & "'!B:B")) - 1)) ) -> 2 | D11: =SUMPRODUCT( (INDIRECT("'" & D$10 & "'!B2:B" & COUNTA(INDIRECT("'" & D$10 & "'!B:B"))) = $A11) * (INDIRECT("'" & D$10 & "'!B2:B" & COUNTA(INDIRECT("'" & D$10 & "'!B:B"))) <> INDIRECT("'" & D$10 & "'!B1:B" & COUNTA(INDIRECT("'" & D$10 & "'!B:B")) - 1)) ) -> 3 | E11: =SUMPRODUCT( (INDIRECT("'" & E$10 & "'!B2:B" & COUNTA(INDIRECT("'" & E$10 & "'!B:B"))) = $A11) * (INDIRECT("'" & E$10 & "'!B2:B" & COUNTA(INDIRECT("'" & E$10 & "'!B:B"))) <> INDIRECT("'" & E$10 & "'!B1:B" & COUNTA(INDIRECT("'" & E$10 & "'!B:B")) - 1)) ) -> 3 | F11: =SUMPRODUCT( (INDIRECT("'" & F$10 & "'!B2:B" & COUNTA(INDIRECT("'" & F$10 & "'!B:B"))) = $A11) * (INDIRECT("'" & F$10 & "'!B2:B" & COUNTA(INDIRECT("'" & F$10 & "'!B:B"))) <> INDIRECT("'" & F$10 & "'!B1:B" & COUNTA(INDIRECT("'" & F$10 & "'!B:B")) - 1)) ) -> 3 | G11: =SUMPRODUCT( (INDIRECT("'" & G$10 & "'!B2:B" & COUNTA(INDIRECT("'" & G$10 & "'!B:B"))) = $A11) * (INDIRECT("'" & G$10 & "'!B2:B" & COUNTA(INDIRECT("'" & G$10 & "'!B:B"))) <> INDIRECT("'" & G$10 & "'!B1:B" & COUNTA(INDIRECT("'" & G$10 & "'!B:B")) - 1)) ) -> 6 | H11: =SUMPRODUCT( (INDIRECT("'" & H$10 & "'!B2:B" & COUNTA(INDIRECT("'" & H$10 & "'!B:B"))) = $A11) * (INDIRECT("'" & H$10 & "'!B2:B" & COUNTA(INDIRECT("'" & H$10 & "'!B:B"))) <> INDIRECT("'" & H$10 & "'!B1:B" & COUNTA(INDIRECT("'" & H$10 & "'!B:B")) - 1)) ) -> 4 | I11: =SUMPRODUCT( (INDIRECT("'" & I$10 & "'!B2:B" & COUNTA(INDIRECT("'" & I$10 & "'!B:B"))) = $A11) * (INDIRECT("'" & I$10 & "'!B2:B" & COUNTA(INDIRECT("'" & I$10 & "'!B:B"))) <> INDIRECT("'" & I$10 & "'!B1:B" & COUNTA(INDIRECT("'" & I$10 & "'!B:B")) - 1)) ) -> 2 | J11: =SUMPRODUCT( (INDIRECT("'" & J$10 & "'!B2:B" & COUNTA(INDIRECT("'" & J$10 & "'!B:B"))) = $A11) * (INDIRECT("'" & J$10 & "'!B2:B" & COUNTA(INDIRECT("'" & J$10 & "'!B:B"))) <> INDIRECT("'" & J$10 & "'!B1:B" & COUNTA(INDIRECT("'" & J$10 & "'!B:B")) - 1)) ) -> 5 | ... AU11: =SUMPRODUCT( (INDIRECT("'" & AU$10 & "'!B2:B" & COUNTA(INDIRECT("'" & AU$10 & "'!B:B"))) = $A11) * (INDIRECT("'" & AU$10 & "'!B2:B" & COUNTA(INDIRECT("'" & AU$10 & "'!B:B"))) <> INDIRECT("'" & AU$10 & "'!B1:B" & COUNTA(INDIRECT("'" & AU$10 & "'!B:B")) - 1)) ) -> 1
A12: Dawidluna | B12: =Sum(C12:AU12) -> 85 | C12: =SUMPRODUCT( (INDIRECT("'" & C$10 & "'!B2:B" & COUNTA(INDIRECT("'" & C$10 & "'!B:B"))) = $A12) * (INDIRECT("'" & C$10 & "'!B2:B" & COUNTA(INDIRECT("'" & C$10 & "'!B:B"))) <> INDIRECT("'" & C$10 & "'!B1:B" & COUNTA(INDIRECT("'" & C$10 & "'!B:B")) - 1)) ) -> 1 | D12: =SUMPRODUCT( (INDIRECT("'" & D$10 & "'!B2:B" & COUNTA(INDIRECT("'" & D$10 & "'!B:B"))) = $A12) * (INDIRECT("'" & D$10 & "'!B2:B" & COUNTA(INDIRECT("'" & D$10 & "'!B:B"))) <> INDIRECT("'" & D$10 & "'!B1:B" & COUNTA(INDIRECT("'" & D$10 & "'!B:B")) - 1)) ) -> 1 | E12: =SUMPRODUCT( (INDIRECT("'" & E$10 & "'!B2:B" & COUNTA(INDIRECT("'" & E$10 & "'!B:B"))) = $A12) * (INDIRECT("'" & E$10 & "'!B2:B" & COUNTA(INDIRECT("'" & E$10 & "'!B:B"))) <> INDIRECT("'" & E$10 & "'!B1:B" & COUNTA(INDIRECT("'" & E$10 & "'!B:B")) - 1)) ) -> 2 | F12: =SUMPRODUCT( (INDIRECT("'" & F$10 & "'!B2:B" & COUNTA(INDIRECT("'" & F$10 & "'!B:B"))) = $A12) * (INDIRECT("'" & F$10 & "'!B2:B" & COUNTA(INDIRECT("'" & F$10 & "'!B:B"))) <> INDIRECT("'" & F$10 & "'!B1:B" & COUNTA(INDIRECT("'" & F$10 & "'!B:B")) - 1)) ) -> 2 | G12: =SUMPRODUCT( (INDIRECT("'" & G$10 & "'!B2:B" & COUNTA(INDIRECT("'" & G$10 & "'!B:B"))) = $A12) * (INDIRECT("'" & G$10 & "'!B2:B" & COUNTA(INDIRECT("'" & G$10 & "'!B:B"))) <> INDIRECT("'" & G$10 & "'!B1:B" & COUNTA(INDIRECT("'" & G$10 & "'!B:B")) - 1)) ) -> 2 | H12: =SUMPRODUCT( (INDIRECT("'" & H$10 & "'!B2:B" & COUNTA(INDIRECT("'" & H$10 & "'!B:B"))) = $A12) * (INDIRECT("'" & H$10 & "'!B2:B" & COUNTA(INDIRECT("'" & H$10 & "'!B:B"))) <> INDIRECT("'" & H$10 & "'!B1:B" & COUNTA(INDIRECT("'" & H$10 & "'!B:B")) - 1)) ) -> 2 | I12: =SUMPRODUCT( (INDIRECT("'" & I$10 & "'!B2:B" & COUNTA(INDIRECT("'" & I$10 & "'!B:B"))) = $A12) * (INDIRECT("'" & I$10 & "'!B2:B" & COUNTA(INDIRECT("'" & I$10 & "'!B:B"))) <> INDIRECT("'" & I$10 & "'!B1:B" & COUNTA(INDIRECT("'" & I$10 & "'!B:B")) - 1)) ) -> 0 | J12: =SUMPRODUCT( (INDIRECT("'" & J$10 & "'!B2:B" & COUNTA(INDIRECT("'" & J$10 & "'!B:B"))) = $A12) * (INDIRECT("'" & J$10 & "'!B2:B" & COUNTA(INDIRECT("'" & J$10 & "'!B:B"))) <> INDIRECT("'" & J$10 & "'!B1:B" & COUNTA(INDIRECT("'" & J$10 & "'!B:B")) - 1)) ) -> 2 | ... AU12: =SUMPRODUCT( (INDIRECT("'" & AU$10 & "'!B2:B" & COUNTA(INDIRECT("'" & AU$10 & "'!B:B"))) = $A12) * (INDIRECT("'" & AU$10 & "'!B2:B" & COUNTA(INDIRECT("'" & AU$10 & "'!B:B"))) <> INDIRECT("'" & AU$10 & "'!B1:B" & COUNTA(INDIRECT("'" & AU$10 & "'!B:B")) - 1)) ) -> 0
A13: vovker | B13: =Sum(C13:AU13) -> 72 | C13: =SUMPRODUCT( (INDIRECT("'" & C$10 & "'!B2:B" & COUNTA(INDIRECT("'" & C$10 & "'!B:B"))) = $A13) * (INDIRECT("'" & C$10 & "'!B2:B" & COUNTA(INDIRECT("'" & C$10 & "'!B:B"))) <> INDIRECT("'" & C$10 & "'!B1:B" & COUNTA(INDIRECT("'" & C$10 & "'!B:B")) - 1)) ) -> 3 | D13: =SUMPRODUCT( (INDIRECT("'" & D$10 & "'!B2:B" & COUNTA(INDIRECT("'" & D$10 & "'!B:B"))) = $A13) * (INDIRECT("'" & D$10 & "'!B2:B" & COUNTA(INDIRECT("'" & D$10 & "'!B:B"))) <> INDIRECT("'" & D$10 & "'!B1:B" & COUNTA(INDIRECT("'" & D$10 & "'!B:B")) - 1)) ) -> 2 | E13: =SUMPRODUCT( (INDIRECT("'" & E$10 & "'!B2:B" & COUNTA(INDIRECT("'" & E$10 & "'!B:B"))) = $A13) * (INDIRECT("'" & E$10 & "'!B2:B" & COUNTA(INDIRECT("'" & E$10 & "'!B:B"))) <> INDIRECT("'" & E$10 & "'!B1:B" & COUNTA(INDIRECT("'" & E$10 & "'!B:B")) - 1)) ) -> 2 | F13: =SUMPRODUCT( (INDIRECT("'" & F$10 & "'!B2:B" & COUNTA(INDIRECT("'" & F$10 & "'!B:B"))) = $A13) * (INDIRECT("'" & F$10 & "'!B2:B" & COUNTA(INDIRECT("'" & F$10 & "'!B:B"))) <> INDIRECT("'" & F$10 & "'!B1:B" & COUNTA(INDIRECT("'" & F$10 & "'!B:B")) - 1)) ) -> 2 | G13: =SUMPRODUCT( (INDIRECT("'" & G$10 & "'!B2:B" & COUNTA(INDIRECT("'" & G$10 & "'!B:B"))) = $A13) * (INDIRECT("'" & G$10 & "'!B2:B" & COUNTA(INDIRECT("'" & G$10 & "'!B:B"))) <> INDIRECT("'" & G$10 & "'!B1:B" & COUNTA(INDIRECT("'" & G$10 & "'!B:B")) - 1)) ) -> 4 | H13: =SUMPRODUCT( (INDIRECT("'" & H$10 & "'!B2:B" & COUNTA(INDIRECT("'" & H$10 & "'!B:B"))) = $A13) * (INDIRECT("'" & H$10 & "'!B2:B" & COUNTA(INDIRECT("'" & H$10 & "'!B:B"))) <> INDIRECT("'" & H$10 & "'!B1:B" & COUNTA(INDIRECT("'" & H$10 & "'!B:B")) - 1)) ) -> 1 | I13: =SUMPRODUCT( (INDIRECT("'" & I$10 & "'!B2:B" & COUNTA(INDIRECT("'" & I$10 & "'!B:B"))) = $A13) * (INDIRECT("'" & I$10 & "'!B2:B" & COUNTA(INDIRECT("'" & I$10 & "'!B:B"))) <> INDIRECT("'" & I$10 & "'!B1:B" & COUNTA(INDIRECT("'" & I$10 & "'!B:B")) - 1)) ) -> 1 | J13: =SUMPRODUCT( (INDIRECT("'" & J$10 & "'!B2:B" & COUNTA(INDIRECT("'" & J$10 & "'!B:B"))) = $A13) * (INDIRECT("'" & J$10 & "'!B2:B" & COUNTA(INDIRECT("'" & J$10 & "'!B:B"))) <> INDIRECT("'" & J$10 & "'!B1:B" & COUNTA(INDIRECT("'" & J$10 & "'!B:B")) - 1)) ) -> 3 | ... AU13: =SUMPRODUCT( (INDIRECT("'" & AU$10 & "'!B2:B" & COUNTA(INDIRECT("'" & AU$10 & "'!B:B"))) = $A13) * (INDIRECT("'" & AU$10 & "'!B2:B" & COUNTA(INDIRECT("'" & AU$10 & "'!B:B"))) <> INDIRECT("'" & AU$10 & "'!B1:B" & COUNTA(INDIRECT("'" & AU$10 & "'!B:B")) - 1)) ) -> 1
A14: ben1996123 | B14: =Sum(C14:AU14) -> 54 | C14: =SUMPRODUCT( (INDIRECT("'" & C$10 & "'!B2:B" & COUNTA(INDIRECT("'" & C$10 & "'!B:B"))) = $A14) * (INDIRECT("'" & C$10 & "'!B2:B" & COUNTA(INDIRECT("'" & C$10 & "'!B:B"))) <> INDIRECT("'" & C$10 & "'!B1:B" & COUNTA(INDIRECT("'" & C$10 & "'!B:B")) - 1)) ) -> 1 | D14: =SUMPRODUCT( (INDIRECT("'" & D$10 & "'!B2:B" & COUNTA(INDIRECT("'" & D$10 & "'!B:B"))) = $A14) * (INDIRECT("'" & D$10 & "'!B2:B" & COUNTA(INDIRECT("'" & D$10 & "'!B:B"))) <> INDIRECT("'" & D$10 & "'!B1:B" & COUNTA(INDIRECT("'" & D$10 & "'!B:B")) - 1)) ) -> 1 | E14: =SUMPRODUCT( (INDIRECT("'" & E$10 & "'!B2:B" & COUNTA(INDIRECT("'" & E$10 & "'!B:B"))) = $A14) * (INDIRECT("'" & E$10 & "'!B2:B" & COUNTA(INDIRECT("'" & E$10 & "'!B:B"))) <> INDIRECT("'" & E$10 & "'!B1:B" & COUNTA(INDIRECT("'" & E$10 & "'!B:B")) - 1)) ) -> 1 | F14: =SUMPRODUCT( (INDIRECT("'" & F$10 & "'!B2:B" & COUNTA(INDIRECT("'" & F$10 & "'!B:B"))) = $A14) * (INDIRECT("'" & F$10 & "'!B2:B" & COUNTA(INDIRECT("'" & F$10 & "'!B:B"))) <> INDIRECT("'" & F$10 & "'!B1:B" & COUNTA(INDIRECT("'" & F$10 & "'!B:B")) - 1)) ) -> 1 | G14: =SUMPRODUCT( (INDIRECT("'" & G$10 & "'!B2:B" & COUNTA(INDIRECT("'" & G$10 & "'!B:B"))) = $A14) * (INDIRECT("'" & G$10 & "'!B2:B" & COUNTA(INDIRECT("'" & G$10 & "'!B:B"))) <> INDIRECT("'" & G$10 & "'!B1:B" & COUNTA(INDIRECT("'" & G$10 & "'!B:B")) - 1)) ) -> 1 | H14: =SUMPRODUCT( (INDIRECT("'" & H$10 & "'!B2:B" & COUNTA(INDIRECT("'" & H$10 & "'!B:B"))) = $A14) * (INDIRECT("'" & H$10 & "'!B2:B" & COUNTA(INDIRECT("'" & H$10 & "'!B:B"))) <> INDIRECT("'" & H$10 & "'!B1:B" & COUNTA(INDIRECT("'" & H$10 & "'!B:B")) - 1)) ) -> 1 | I14: =SUMPRODUCT( (INDIRECT("'" & I$10 & "'!B2:B" & COUNTA(INDIRECT("'" & I$10 & "'!B:B"))) = $A14) * (INDIRECT("'" & I$10 & "'!B2:B" & COUNTA(INDIRECT("'" & I$10 & "'!B:B"))) <> INDIRECT("'" & I$10 & "'!B1:B" & COUNTA(INDIRECT("'" & I$10 & "'!B:B")) - 1)) ) -> 2 | J14: =SUMPRODUCT( (INDIRECT("'" & J$10 & "'!B2:B" & COUNTA(INDIRECT("'" & J$10 & "'!B:B"))) = $A14) * (INDIRECT("'" & J$10 & "'!B2:B" & COUNTA(INDIRECT("'" & J$10 & "'!B:B"))) <> INDIRECT("'" & J$10 & "'!B1:B" & COUNTA(INDIRECT("'" & J$10 & "'!B:B")) - 1)) ) -> 1 | ... AU14: =SUMPRODUCT( (INDIRECT("'" & AU$10 & "'!B2:B" & COUNTA(INDIRECT("'" & AU$10 & "'!B:B"))) = $A14) * (INDIRECT("'" & AU$10 & "'!B2:B" & COUNTA(INDIRECT("'" & AU$10 & "'!B:B"))) <> INDIRECT("'" & AU$10 & "'!B1:B" & COUNTA(INDIRECT("'" & AU$10 & "'!B:B")) - 1)) ) -> 2
A15: soup | B15: =Sum(C15:AU15) -> 32 | C15: =SUMPRODUCT( (INDIRECT("'" & C$10 & "'!B2:B" & COUNTA(INDIRECT("'" & C$10 & "'!B:B"))) = $A15) * (INDIRECT("'" & C$10 & "'!B2:B" & COUNTA(INDIRECT("'" & C$10 & "'!B:B"))) <> INDIRECT("'" & C$10 & "'!B1:B" & COUNTA(INDIRECT("'" & C$10 & "'!B:B")) - 1)) ) -> 0 | D15: =SUMPRODUCT( (INDIRECT("'" & D$10 & "'!B2:B" & COUNTA(INDIRECT("'" & D$10 & "'!B:B"))) = $A15) * (INDIRECT("'" & D$10 & "'!B2:B" & COUNTA(INDIRECT("'" & D$10 & "'!B:B"))) <> INDIRECT("'" & D$10 & "'!B1:B" & COUNTA(INDIRECT("'" & D$10 & "'!B:B")) - 1)) ) -> 0 | E15: =SUMPRODUCT( (INDIRECT("'" & E$10 & "'!B2:B" & COUNTA(INDIRECT("'" & E$10 & "'!B:B"))) = $A15) * (INDIRECT("'" & E$10 & "'!B2:B" & COUNTA(INDIRECT("'" & E$10 & "'!B:B"))) <> INDIRECT("'" & E$10 & "'!B1:B" & COUNTA(INDIRECT("'" & E$10 & "'!B:B")) - 1)) ) -> 0 | F15: =SUMPRODUCT( (INDIRECT("'" & F$10 & "'!B2:B" & COUNTA(INDIRECT("'" & F$10 & "'!B:B"))) = $A15) * (INDIRECT("'" & F$10 & "'!B2:B" & COUNTA(INDIRECT("'" & F$10 & "'!B:B"))) <> INDIRECT("'" & F$10 & "'!B1:B" & COUNTA(INDIRECT("'" & F$10 & "'!B:B")) - 1)) ) -> 0 | G15: =SUMPRODUCT( (INDIRECT("'" & G$10 & "'!B2:B" & COUNTA(INDIRECT("'" & G$10 & "'!B:B"))) = $A15) * (INDIRECT("'" & G$10 & "'!B2:B" & COUNTA(INDIRECT("'" & G$10 & "'!B:B"))) <> INDIRECT("'" & G$10 & "'!B1:B" & COUNTA(INDIRECT("'" & G$10 & "'!B:B")) - 1)) ) -> 1 | H15: =SUMPRODUCT( (INDIRECT("'" & H$10 & "'!B2:B" & COUNTA(INDIRECT("'" & H$10 & "'!B:B"))) = $A15) * (INDIRECT("'" & H$10 & "'!B2:B" & COUNTA(INDIRECT("'" & H$10 & "'!B:B"))) <> INDIRECT("'" & H$10 & "'!B1:B" & COUNTA(INDIRECT("'" & H$10 & "'!B:B")) - 1)) ) -> 0 | I15: =SUMPRODUCT( (INDIRECT("'" & I$10 & "'!B2:B" & COUNTA(INDIRECT("'" & I$10 & "'!B:B"))) = $A15) * (INDIRECT("'" & I$10 & "'!B2:B" & COUNTA(INDIRECT("'" & I$10 & "'!B:B"))) <> INDIRECT("'" & I$10 & "'!B1:B" & COUNTA(INDIRECT("'" & I$10 & "'!B:B")) - 1)) ) -> 0 | J15: =SUMPRODUCT( (INDIRECT("'" & J$10 & "'!B2:B" & COUNTA(INDIRECT("'" & J$10 & "'!B:B"))) = $A15) * (INDIRECT("'" & J$10 & "'!B2:B" & COUNTA(INDIRECT("'" & J$10 & "'!B:B"))) <> INDIRECT("'" & J$10 & "'!B1:B" & COUNTA(INDIRECT("'" & J$10 & "'!B:B")) - 1)) ) -> 0 | ... AU15: =SUMPRODUCT( (INDIRECT("'" & AU$10 & "'!B2:B" & COUNTA(INDIRECT("'" & AU$10 & "'!B:B"))) = $A15) * (INDIRECT("'" & AU$10 & "'!B2:B" & COUNTA(INDIRECT("'" & AU$10 & "'!B:B"))) <> INDIRECT("'" & AU$10 & "'!B1:B" & COUNTA(INDIRECT("'" & AU$10 & "'!B:B")) - 1)) ) -> 0
A16: Daanbe | B16: =Sum(C16:AU16) -> 27 | C16: =SUMPRODUCT( (INDIRECT("'" & C$10 & "'!B2:B" & COUNTA(INDIRECT("'" & C$10 & "'!B:B"))) = $A16) * (INDIRECT("'" & C$10 & "'!B2:B" & COUNTA(INDIRECT("'" & C$10 & "'!B:B"))) <> INDIRECT("'" & C$10 & "'!B1:B" & COUNTA(INDIRECT("'" & C$10 & "'!B:B")) - 1)) ) -> 0 | D16: =SUMPRODUCT( (INDIRECT("'" & D$10 & "'!B2:B" & COUNTA(INDIRECT("'" & D$10 & "'!B:B"))) = $A16) * (INDIRECT("'" & D$10 & "'!B2:B" & COUNTA(INDIRECT("'" & D$10 & "'!B:B"))) <> INDIRECT("'" & D$10 & "'!B1:B" & COUNTA(INDIRECT("'" & D$10 & "'!B:B")) - 1)) ) -> 0 | E16: =SUMPRODUCT( (INDIRECT("'" & E$10 & "'!B2:B" & COUNTA(INDIRECT("'" & E$10 & "'!B:B"))) = $A16) * (INDIRECT("'" & E$10 & "'!B2:B" & COUNTA(INDIRECT("'" & E$10 & "'!B:B"))) <> INDIRECT("'" & E$10 & "'!B1:B" & COUNTA(INDIRECT("'" & E$10 & "'!B:B")) - 1)) ) -> 0 | F16: =SUMPRODUCT( (INDIRECT("'" & F$10 & "'!B2:B" & COUNTA(INDIRECT("'" & F$10 & "'!B:B"))) = $A16) * (INDIRECT("'" & F$10 & "'!B2:B" & COUNTA(INDIRECT("'" & F$10 & "'!B:B"))) <> INDIRECT("'" & F$10 & "'!B1:B" & COUNTA(INDIRECT("'" & F$10 & "'!B:B")) - 1)) ) -> 0 | G16: =SUMPRODUCT( (INDIRECT("'" & G$10 & "'!B2:B" & COUNTA(INDIRECT("'" & G$10 & "'!B:B"))) = $A16) * (INDIRECT("'" & G$10 & "'!B2:B" & COUNTA(INDIRECT("'" & G$10 & "'!B:B"))) <> INDIRECT("'" & G$10 & "'!B1:B" & COUNTA(INDIRECT("'" & G$10 & "'!B:B")) - 1)) ) -> 0 | H16: =SUMPRODUCT( (INDIRECT("'" & H$10 & "'!B2:B" & COUNTA(INDIRECT("'" & H$10 & "'!B:B"))) = $A16) * (INDIRECT("'" & H$10 & "'!B2:B" & COUNTA(INDIRECT("'" & H$10 & "'!B:B"))) <> INDIRECT("'" & H$10 & "'!B1:B" & COUNTA(INDIRECT("'" & H$10 & "'!B:B")) - 1)) ) -> 0 | I16: =SUMPRODUCT( (INDIRECT("'" & I$10 & "'!B2:B" & COUNTA(INDIRECT("'" & I$10 & "'!B:B"))) = $A16) * (INDIRECT("'" & I$10 & "'!B2:B" & COUNTA(INDIRECT("'" & I$10 & "'!B:B"))) <> INDIRECT("'" & I$10 & "'!B1:B" & COUNTA(INDIRECT("'" & I$10 & "'!B:B")) - 1)) ) -> 0 | J16: =SUMPRODUCT( (INDIRECT("'" & J$10 & "'!B2:B" & COUNTA(INDIRECT("'" & J$10 & "'!B:B"))) = $A16) * (INDIRECT("'" & J$10 & "'!B2:B" & COUNTA(INDIRECT("'" & J$10 & "'!B:B"))) <> INDIRECT("'" & J$10 & "'!B1:B" & COUNTA(INDIRECT("'" & J$10 & "'!B:B")) - 1)) ) -> 0 | ... AU16: =SUMPRODUCT( (INDIRECT("'" & AU$10 & "'!B2:B" & COUNTA(INDIRECT("'" & AU$10 & "'!B:B"))) = $A16) * (INDIRECT("'" & AU$10 & "'!B2:B" & COUNTA(INDIRECT("'" & AU$10 & "'!B:B"))) <> INDIRECT("'" & AU$10 & "'!B1:B" & COUNTA(INDIRECT("'" & AU$10 & "'!B:B")) - 1)) ) -> 1
A17: JZE | B17: =Sum(C17:AU17) -> 20 | C17: =SUMPRODUCT( (INDIRECT("'" & C$10 & "'!B2:B" & COUNTA(INDIRECT("'" & C$10 & "'!B:B"))) = $A17) * (INDIRECT("'" & C$10 & "'!B2:B" & COUNTA(INDIRECT("'" & C$10 & "'!B:B"))) <> INDIRECT("'" & C$10 & "'!B1:B" & COUNTA(INDIRECT("'" & C$10 & "'!B:B")) - 1)) ) -> 0 | D17: =SUMPRODUCT( (INDIRECT("'" & D$10 & "'!B2:B" & COUNTA(INDIRECT("'" & D$10 & "'!B:B"))) = $A17) * (INDIRECT("'" & D$10 & "'!B2:B" & COUNTA(INDIRECT("'" & D$10 & "'!B:B"))) <> INDIRECT("'" & D$10 & "'!B1:B" & COUNTA(INDIRECT("'" & D$10 & "'!B:B")) - 1)) ) -> 0 | E17: =SUMPRODUCT( (INDIRECT("'" & E$10 & "'!B2:B" & COUNTA(INDIRECT("'" & E$10 & "'!B:B"))) = $A17) * (INDIRECT("'" & E$10 & "'!B2:B" & COUNTA(INDIRECT("'" & E$10 & "'!B:B"))) <> INDIRECT("'" & E$10 & "'!B1:B" & COUNTA(INDIRECT("'" & E$10 & "'!B:B")) - 1)) ) -> 0 | F17: =SUMPRODUCT( (INDIRECT("'" & F$10 & "'!B2:B" & COUNTA(INDIRECT("'" & F$10 & "'!B:B"))) = $A17) * (INDIRECT("'" & F$10 & "'!B2:B" & COUNTA(INDIRECT("'" & F$10 & "'!B:B"))) <> INDIRECT("'" & F$10 & "'!B1:B" & COUNTA(INDIRECT("'" & F$10 & "'!B:B")) - 1)) ) -> 0 | G17: =SUMPRODUCT( (INDIRECT("'" & G$10 & "'!B2:B" & COUNTA(INDIRECT("'" & G$10 & "'!B:B"))) = $A17) * (INDIRECT("'" & G$10 & "'!B2:B" & COUNTA(INDIRECT("'" & G$10 & "'!B:B"))) <> INDIRECT("'" & G$10 & "'!B1:B" & COUNTA(INDIRECT("'" & G$10 & "'!B:B")) - 1)) ) -> 0 | H17: =SUMPRODUCT( (INDIRECT("'" & H$10 & "'!B2:B" & COUNTA(INDIRECT("'" & H$10 & "'!B:B"))) = $A17) * (INDIRECT("'" & H$10 & "'!B2:B" & COUNTA(INDIRECT("'" & H$10 & "'!B:B"))) <> INDIRECT("'" & H$10 & "'!B1:B" & COUNTA(INDIRECT("'" & H$10 & "'!B:B")) - 1)) ) -> 1 | I17: =SUMPRODUCT( (INDIRECT("'" & I$10 & "'!B2:B" & COUNTA(INDIRECT("'" & I$10 & "'!B:B"))) = $A17) * (INDIRECT("'" & I$10 & "'!B2:B" & COUNTA(INDIRECT("'" & I$10 & "'!B:B"))) <> INDIRECT("'" & I$10 & "'!B1:B" & COUNTA(INDIRECT("'" & I$10 & "'!B:B")) - 1)) ) -> 0 | J17: =SUMPRODUCT( (INDIRECT("'" & J$10 & "'!B2:B" & COUNTA(INDIRECT("'" & J$10 & "'!B:B"))) = $A17) * (INDIRECT("'" & J$10 & "'!B2:B" & COUNTA(INDIRECT("'" & J$10 & "'!B:B"))) <> INDIRECT("'" & J$10 & "'!B1:B" & COUNTA(INDIRECT("'" & J$10 & "'!B:B")) - 1)) ) -> 0 | ... AU17: =SUMPRODUCT( (INDIRECT("'" & AU$10 & "'!B2:B" & COUNTA(INDIRECT("'" & AU$10 & "'!B:B"))) = $A17) * (INDIRECT("'" & AU$10 & "'!B2:B" & COUNTA(INDIRECT("'" & AU$10 & "'!B:B"))) <> INDIRECT("'" & AU$10 & "'!B1:B" & COUNTA(INDIRECT("'" & AU$10 & "'!B:B")) - 1)) ) -> 0
A18: gottagitgud | B18: =Sum(C18:AU18) -> 7 | C18: =SUMPRODUCT( (INDIRECT("'" & C$10 & "'!B2:B" & COUNTA(INDIRECT("'" & C$10 & "'!B:B"))) = $A18) * (INDIRECT("'" & C$10 & "'!B2:B" & COUNTA(INDIRECT("'" & C$10 & "'!B:B"))) <> INDIRECT("'" & C$10 & "'!B1:B" & COUNTA(INDIRECT("'" & C$10 & "'!B:B")) - 1)) ) -> 1 | D18: =SUMPRODUCT( (INDIRECT("'" & D$10 & "'!B2:B" & COUNTA(INDIRECT("'" & D$10 & "'!B:B"))) = $A18) * (INDIRECT("'" & D$10 & "'!B2:B" & COUNTA(INDIRECT("'" & D$10 & "'!B:B"))) <> INDIRECT("'" & D$10 & "'!B1:B" & COUNTA(INDIRECT("'" & D$10 & "'!B:B")) - 1)) ) -> 1 | E18: =SUMPRODUCT( (INDIRECT("'" & E$10 & "'!B2:B" & COUNTA(INDIRECT("'" & E$10 & "'!B:B"))) = $A18) * (INDIRECT("'" & E$10 & "'!B2:B" & COUNTA(INDIRECT("'" & E$10 & "'!B:B"))) <> INDIRECT("'" & E$10 & "'!B1:B" & COUNTA(INDIRECT("'" & E$10 & "'!B:B")) - 1)) ) -> 1 | F18: =SUMPRODUCT( (INDIRECT("'" & F$10 & "'!B2:B" & COUNTA(INDIRECT("'" & F$10 & "'!B:B"))) = $A18) * (INDIRECT("'" & F$10 & "'!B2:B" & COUNTA(INDIRECT("'" & F$10 & "'!B:B"))) <> INDIRECT("'" & F$10 & "'!B1:B" & COUNTA(INDIRECT("'" & F$10 & "'!B:B")) - 1)) ) -> 1 | G18: =SUMPRODUCT( (INDIRECT("'" & G$10 & "'!B2:B" & COUNTA(INDIRECT("'" & G$10 & "'!B:B"))) = $A18) * (INDIRECT("'" & G$10 & "'!B2:B" & COUNTA(INDIRECT("'" & G$10 & "'!B:B"))) <> INDIRECT("'" & G$10 & "'!B1:B" & COUNTA(INDIRECT("'" & G$10 & "'!B:B")) - 1)) ) -> 1 | H18: =SUMPRODUCT( (INDIRECT("'" & H$10 & "'!B2:B" & COUNTA(INDIRECT("'" & H$10 & "'!B:B"))) = $A18) * (INDIRECT("'" & H$10 & "'!B2:B" & COUNTA(INDIRECT("'" & H$10 & "'!B:B"))) <> INDIRECT("'" & H$10 & "'!B1:B" & COUNTA(INDIRECT("'" & H$10 & "'!B:B")) - 1)) ) -> 0 | I18: =SUMPRODUCT( (INDIRECT("'" & I$10 & "'!B2:B" & COUNTA(INDIRECT("'" & I$10 & "'!B:B"))) = $A18) * (INDIRECT("'" & I$10 & "'!B2:B" & COUNTA(INDIRECT("'" & I$10 & "'!B:B"))) <> INDIRECT("'" & I$10 & "'!B1:B" & COUNTA(INDIRECT("'" & I$10 & "'!B:B")) - 1)) ) -> 0 | J18: =SUMPRODUCT( (INDIRECT("'" & J$10 & "'!B2:B" & COUNTA(INDIRECT("'" & J$10 & "'!B:B"))) = $A18) * (INDIRECT("'" & J$10 & "'!B2:B" & COUNTA(INDIRECT("'" & J$10 & "'!B:B"))) <> INDIRECT("'" & J$10 & "'!B1:B" & COUNTA(INDIRECT("'" & J$10 & "'!B:B")) - 1)) ) -> 0 | ... AU18: =SUMPRODUCT( (INDIRECT("'" & AU$10 & "'!B2:B" & COUNTA(INDIRECT("'" & AU$10 & "'!B:B"))) = $A18) * (INDIRECT("'" & AU$10 & "'!B2:B" & COUNTA(INDIRECT("'" & AU$10 & "'!B:B"))) <> INDIRECT("'" & AU$10 & "'!B1:B" & COUNTA(INDIRECT("'" & AU$10 & "'!B:B")) - 1)) ) -> 0
A19: qqwref | B19: =Sum(C19:AU19) -> 6 | C19: =SUMPRODUCT( (INDIRECT("'" & C$10 & "'!B2:B" & COUNTA(INDIRECT("'" & C$10 & "'!B:B"))) = $A19) * (INDIRECT("'" & C$10 & "'!B2:B" & COUNTA(INDIRECT("'" & C$10 & "'!B:B"))) <> INDIRECT("'" & C$10 & "'!B1:B" & COUNTA(INDIRECT("'" & C$10 & "'!B:B")) - 1)) ) -> 0 | D19: =SUMPRODUCT( (INDIRECT("'" & D$10 & "'!B2:B" & COUNTA(INDIRECT("'" & D$10 & "'!B:B"))) = $A19) * (INDIRECT("'" & D$10 & "'!B2:B" & COUNTA(INDIRECT("'" & D$10 & "'!B:B"))) <> INDIRECT("'" & D$10 & "'!B1:B" & COUNTA(INDIRECT("'" & D$10 & "'!B:B")) - 1)) ) -> 0 | E19: =SUMPRODUCT( (INDIRECT("'" & E$10 & "'!B2:B" & COUNTA(INDIRECT("'" & E$10 & "'!B:B"))) = $A19) * (INDIRECT("'" & E$10 & "'!B2:B" & COUNTA(INDIRECT("'" & E$10 & "'!B:B"))) <> INDIRECT("'" & E$10 & "'!B1:B" & COUNTA(INDIRECT("'" & E$10 & "'!B:B")) - 1)) ) -> 0 | F19: =SUMPRODUCT( (INDIRECT("'" & F$10 & "'!B2:B" & COUNTA(INDIRECT("'" & F$10 & "'!B:B"))) = $A19) * (INDIRECT("'" & F$10 & "'!B2:B" & COUNTA(INDIRECT("'" & F$10 & "'!B:B"))) <> INDIRECT("'" & F$10 & "'!B1:B" & COUNTA(INDIRECT("'" & F$10 & "'!B:B")) - 1)) ) -> 0 | G19: =SUMPRODUCT( (INDIRECT("'" & G$10 & "'!B2:B" & COUNTA(INDIRECT("'" & G$10 & "'!B:B"))) = $A19) * (INDIRECT("'" & G$10 & "'!B2:B" & COUNTA(INDIRECT("'" & G$10 & "'!B:B"))) <> INDIRECT("'" & G$10 & "'!B1:B" & COUNTA(INDIRECT("'" & G$10 & "'!B:B")) - 1)) ) -> 0 | H19: =SUMPRODUCT( (INDIRECT("'" & H$10 & "'!B2:B" & COUNTA(INDIRECT("'" & H$10 & "'!B:B"))) = $A19) * (INDIRECT("'" & H$10 & "'!B2:B" & COUNTA(INDIRECT("'" & H$10 & "'!B:B"))) <> INDIRECT("'" & H$10 & "'!B1:B" & COUNTA(INDIRECT("'" & H$10 & "'!B:B")) - 1)) ) -> 0 | I19: =SUMPRODUCT( (INDIRECT("'" & I$10 & "'!B2:B" & COUNTA(INDIRECT("'" & I$10 & "'!B:B"))) = $A19) * (INDIRECT("'" & I$10 & "'!B2:B" & COUNTA(INDIRECT("'" & I$10 & "'!B:B"))) <> INDIRECT("'" & I$10 & "'!B1:B" & COUNTA(INDIRECT("'" & I$10 & "'!B:B")) - 1)) ) -> 0 | J19: =SUMPRODUCT( (INDIRECT("'" & J$10 & "'!B2:B" & COUNTA(INDIRECT("'" & J$10 & "'!B:B"))) = $A19) * (INDIRECT("'" & J$10 & "'!B2:B" & COUNTA(INDIRECT("'" & J$10 & "'!B:B"))) <> INDIRECT("'" & J$10 & "'!B1:B" & COUNTA(INDIRECT("'" & J$10 & "'!B:B")) - 1)) ) -> 0 | ... AU19: =SUMPRODUCT( (INDIRECT("'" & AU$10 & "'!B2:B" & COUNTA(INDIRECT("'" & AU$10 & "'!B:B"))) = $A19) * (INDIRECT("'" & AU$10 & "'!B2:B" & COUNTA(INDIRECT("'" & AU$10 & "'!B:B"))) <> INDIRECT("'" & AU$10 & "'!B1:B" & COUNTA(INDIRECT("'" & AU$10 & "'!B:B")) - 1)) ) -> 0
A20: tnum10 | B20: =Sum(C20:AU20) -> 3 | C20: =SUMPRODUCT( (INDIRECT("'" & C$10 & "'!B2:B" & COUNTA(INDIRECT("'" & C$10 & "'!B:B"))) = $A20) * (INDIRECT("'" & C$10 & "'!B2:B" & COUNTA(INDIRECT("'" & C$10 & "'!B:B"))) <> INDIRECT("'" & C$10 & "'!B1:B" & COUNTA(INDIRECT("'" & C$10 & "'!B:B")) - 1)) ) -> 0 | D20: =SUMPRODUCT( (INDIRECT("'" & D$10 & "'!B2:B" & COUNTA(INDIRECT("'" & D$10 & "'!B:B"))) = $A20) * (INDIRECT("'" & D$10 & "'!B2:B" & COUNTA(INDIRECT("'" & D$10 & "'!B:B"))) <> INDIRECT("'" & D$10 & "'!B1:B" & COUNTA(INDIRECT("'" & D$10 & "'!B:B")) - 1)) ) -> 0 | E20: =SUMPRODUCT( (INDIRECT("'" & E$10 & "'!B2:B" & COUNTA(INDIRECT("'" & E$10 & "'!B:B"))) = $A20) * (INDIRECT("'" & E$10 & "'!B2:B" & COUNTA(INDIRECT("'" & E$10 & "'!B:B"))) <> INDIRECT("'" & E$10 & "'!B1:B" & COUNTA(INDIRECT("'" & E$10 & "'!B:B")) - 1)) ) -> 0 | F20: =SUMPRODUCT( (INDIRECT("'" & F$10 & "'!B2:B" & COUNTA(INDIRECT("'" & F$10 & "'!B:B"))) = $A20) * (INDIRECT("'" & F$10 & "'!B2:B" & COUNTA(INDIRECT("'" & F$10 & "'!B:B"))) <> INDIRECT("'" & F$10 & "'!B1:B" & COUNTA(INDIRECT("'" & F$10 & "'!B:B")) - 1)) ) -> 0 | G20: =SUMPRODUCT( (INDIRECT("'" & G$10 & "'!B2:B" & COUNTA(INDIRECT("'" & G$10 & "'!B:B"))) = $A20) * (INDIRECT("'" & G$10 & "'!B2:B" & COUNTA(INDIRECT("'" & G$10 & "'!B:B"))) <> INDIRECT("'" & G$10 & "'!B1:B" & COUNTA(INDIRECT("'" & G$10 & "'!B:B")) - 1)) ) -> 0 | H20: =SUMPRODUCT( (INDIRECT("'" & H$10 & "'!B2:B" & COUNTA(INDIRECT("'" & H$10 & "'!B:B"))) = $A20) * (INDIRECT("'" & H$10 & "'!B2:B" & COUNTA(INDIRECT("'" & H$10 & "'!B:B"))) <> INDIRECT("'" & H$10 & "'!B1:B" & COUNTA(INDIRECT("'" & H$10 & "'!B:B")) - 1)) ) -> 0 | I20: =SUMPRODUCT( (INDIRECT("'" & I$10 & "'!B2:B" & COUNTA(INDIRECT("'" & I$10 & "'!B:B"))) = $A20) * (INDIRECT("'" & I$10 & "'!B2:B" & COUNTA(INDIRECT("'" & I$10 & "'!B:B"))) <> INDIRECT("'" & I$10 & "'!B1:B" & COUNTA(INDIRECT("'" & I$10 & "'!B:B")) - 1)) ) -> 0 | J20: =SUMPRODUCT( (INDIRECT("'" & J$10 & "'!B2:B" & COUNTA(INDIRECT("'" & J$10 & "'!B:B"))) = $A20) * (INDIRECT("'" & J$10 & "'!B2:B" & COUNTA(INDIRECT("'" & J$10 & "'!B:B"))) <> INDIRECT("'" & J$10 & "'!B1:B" & COUNTA(INDIRECT("'" & J$10 & "'!B:B")) - 1)) ) -> 0 | ... AU20: =SUMPRODUCT( (INDIRECT("'" & AU$10 & "'!B2:B" & COUNTA(INDIRECT("'" & AU$10 & "'!B:B"))) = $A20) * (INDIRECT("'" & AU$10 & "'!B2:B" & COUNTA(INDIRECT("'" & AU$10 & "'!B:B"))) <> INDIRECT("'" & AU$10 & "'!B1:B" & COUNTA(INDIRECT("'" & AU$10 & "'!B:B")) - 1)) ) -> 0
A21: eff | B21: =Sum(C21:AU21) -> 2 | C21: =SUMPRODUCT( (INDIRECT("'" & C$10 & "'!B2:B" & COUNTA(INDIRECT("'" & C$10 & "'!B:B"))) = $A21) * (INDIRECT("'" & C$10 & "'!B2:B" & COUNTA(INDIRECT("'" & C$10 & "'!B:B"))) <> INDIRECT("'" & C$10 & "'!B1:B" & COUNTA(INDIRECT("'" & C$10 & "'!B:B")) - 1)) ) -> 0 | D21: =SUMPRODUCT( (INDIRECT("'" & D$10 & "'!B2:B" & COUNTA(INDIRECT("'" & D$10 & "'!B:B"))) = $A21) * (INDIRECT("'" & D$10 & "'!B2:B" & COUNTA(INDIRECT("'" & D$10 & "'!B:B"))) <> INDIRECT("'" & D$10 & "'!B1:B" & COUNTA(INDIRECT("'" & D$10 & "'!B:B")) - 1)) ) -> 0 | E21: =SUMPRODUCT( (INDIRECT("'" & E$10 & "'!B2:B" & COUNTA(INDIRECT("'" & E$10 & "'!B:B"))) = $A21) * (INDIRECT("'" & E$10 & "'!B2:B" & COUNTA(INDIRECT("'" & E$10 & "'!B:B"))) <> INDIRECT("'" & E$10 & "'!B1:B" & COUNTA(INDIRECT("'" & E$10 & "'!B:B")) - 1)) ) -> 0 | F21: =SUMPRODUCT( (INDIRECT("'" & F$10 & "'!B2:B" & COUNTA(INDIRECT("'" & F$10 & "'!B:B"))) = $A21) * (INDIRECT("'" & F$10 & "'!B2:B" & COUNTA(INDIRECT("'" & F$10 & "'!B:B"))) <> INDIRECT("'" & F$10 & "'!B1:B" & COUNTA(INDIRECT("'" & F$10 & "'!B:B")) - 1)) ) -> 0 | G21: =SUMPRODUCT( (INDIRECT("'" & G$10 & "'!B2:B" & COUNTA(INDIRECT("'" & G$10 & "'!B:B"))) = $A21) * (INDIRECT("'" & G$10 & "'!B2:B" & COUNTA(INDIRECT("'" & G$10 & "'!B:B"))) <> INDIRECT("'" & G$10 & "'!B1:B" & COUNTA(INDIRECT("'" & G$10 & "'!B:B")) - 1)) ) -> 0 | H21: =SUMPRODUCT( (INDIRECT("'" & H$10 & "'!B2:B" & COUNTA(INDIRECT("'" & H$10 & "'!B:B"))) = $A21) * (INDIRECT("'" & H$10 & "'!B2:B" & COUNTA(INDIRECT("'" & H$10 & "'!B:B"))) <> INDIRECT("'" & H$10 & "'!B1:B" & COUNTA(INDIRECT("'" & H$10 & "'!B:B")) - 1)) ) -> 0 | I21: =SUMPRODUCT( (INDIRECT("'" & I$10 & "'!B2:B" & COUNTA(INDIRECT("'" & I$10 & "'!B:B"))) = $A21) * (INDIRECT("'" & I$10 & "'!B2:B" & COUNTA(INDIRECT("'" & I$10 & "'!B:B"))) <> INDIRECT("'" & I$10 & "'!B1:B" & COUNTA(INDIRECT("'" & I$10 & "'!B:B")) - 1)) ) -> 0 | J21: =SUMPRODUCT( (INDIRECT("'" & J$10 & "'!B2:B" & COUNTA(INDIRECT("'" & J$10 & "'!B:B"))) = $A21) * (INDIRECT("'" & J$10 & "'!B2:B" & COUNTA(INDIRECT("'" & J$10 & "'!B:B"))) <> INDIRECT("'" & J$10 & "'!B1:B" & COUNTA(INDIRECT("'" & J$10 & "'!B:B")) - 1)) ) -> 0 | ... AU21: =SUMPRODUCT( (INDIRECT("'" & AU$10 & "'!B2:B" & COUNTA(INDIRECT("'" & AU$10 & "'!B:B"))) = $A21) * (INDIRECT("'" & AU$10 & "'!B2:B" & COUNTA(INDIRECT("'" & AU$10 & "'!B:B"))) <> INDIRECT("'" & AU$10 & "'!B1:B" & COUNTA(INDIRECT("'" & AU$10 & "'!B:B")) - 1)) ) -> 0
A22: Data collected and structured by dphdmn and vovker, also special thanks to daanbe and ben1996123 for huge help with this project
A23: Slidysim | B23: Open Slidysim Leaderboard | G23: LB Archive | J23: Discord Server | M23: Slidysim Sheet | P23: 6x6 - 10x10 LB | R23: Slidysim Cool Solves Sheet | Y23: [2020 - 2021] Old Kinch | AD23: [2021 - 2023] Old Rankings | AI23: [2019 - 2024] NxM Matrix | AN23: [2018 - 2021] NxN WRs Archive | AS23: Replay Links Fix

Sheet 3x3 ao5
A1: Date | B1: Name | C1: Time | D1: Movecount | E1: TPS | F1: Control | G1: Style | H1: Solve Data | I1: Video
A2: 18.11.2025 | B2: vovker | C2: 0.337 | D2: 13.666 | E2: 41.992 | F2: Tablet | G2: Fringe | H2: In replay | I2: ???
A3: 07.02.2025 | B3: vovker | C3: 0.349 | D3: 14.666 | E3: 40.657 | F3: Mouse | G3: Fringe | H3: In replay | I3: https://youtu.be/gnnoDn-Om3k
A4: 22.05.2024 | B4: dphdmn | C4: 0.394 | D4: 16 | E4: 38.773 | F4: Tablet | G4: Fringe | H4: In replay | I4: https://www.youtube.com/watch?v=XePxX13zehU
A5: 03.06.2022 | B5: vovker | C5: 0.4 | D5: 13.333 | E5: 33.345 | F5: Mouse | G5: Fringe | H5: https://pastebin.com/raw/AcZPvH8z | I5: ???
A6: 14.06.2021 | B6: dphdmn | C6: 0.437 | D6: 15.333 | E6: 35.549 | F6: Tablet | G6: Fringe | H6: https://pastebin.com/raw/ELSMppSU | I6: https://www.youtube.com/watch?v=8zPkQz2W62w
A7: 14.11.2020 | B7: vovker | C7: 0.503 | D7: 16.333 | E7: 32.404 | F7: Mouse | G7: Fringe | H7: https://pastebin.com/raw/v0DcVmxJ | I7: ???
A8: 25.09.2020 | B8: vovker | C8: 0.527 | D8: 15.666 | E8: 29.155 | F8: Mouse | G8: Fringe | H8: 2.400 0.423 0.415 0.511 0.647 | I8: ???
A9: 25.03.2020 | B9: Dawidluna | C9: 0.568 | D9: 15 | E9: 26.973 | F9: Mouse | G9: Fringe | H9: https://pastebin.com/raw/tU9s4jUn | I9: ???
A10: 10.03.2019 | B10: gottagitgud | C10: 0.71 | D10: 13.333 | E10: 18.809 | F10: Keyboard | G10: Fringe | H10: https://www.reddit.com/r/speedsliding/comments/b9618t/8_puzzle_0710_average_of_5/ | I10: ???
A11: 02.01.2016 | B11: ben1996123 | C11: 0.807 | D11: 15.666 | E11: 19.517 | F11: Keyboard | G11: Fringe | H11: (1.843), (0.694), 0.780, 0.744, 0.898 | I11: ???

Sheet 3x3 ao12
A1: Date | B1: Name | C1: Time | D1: Movecount | E1: TPS | F1: Control | G1: Style | H1: Solve Data | I1: Video
A2: 21.02.2025 | B2: dphdmn | C2: 0.505 | D2: 20.7 | E2: 40.787 | F2: Tablet | G2: Fringe | H2: In replay | I2: https://youtu.be/AdNAXgiu1kk
A3: 01.11.2024 | B3: vovker | C3: 0.566 | D3: 19.3 | E3: 33.935 | F3: Mouse | G3: Fringe | H3: In replay | I3: ???
A4: 01.06.2023 | B4: dphdmn | C4: 0.586 | D4: 21.3 | E4: 35.405 | F4: Tablet | G4: Fringe | H4: https://pastebin.com/raw/vM8yiFmn | I4: https://www.youtube.com/watch?v=8kEwjJTETLI
A5: 10.05.2022 | B5: vovker | C5: 0.605 | D5: 19.1 | E5: 31.787 | F5: Mouse | G5: Fringe | H5: https://pastebin.com/raw/5MnbQ5dh | I5: https://www.youtube.com/watch?v=vHnYGbyfe3Y
A6: 22.04.2022 | B6: vovker | C6: 0.66 | D6: 20.4 | E6: 30.427 | F6: Mouse | G6: Fringe | H6: ??? | I6: ???
A7: 22.08.2021 | B7: vovker | C7: 0.689 | D7: 21.2 | E7: 31.026 | F7: Mouse | G7: Fringe | H7: ??? | I7: ???
A8: 08.04.2021 | B8: dphdmn | C8: 0.717 | D8: 21.9 | E8: 30.788 | F8: Tablet | G8: Fringe | H8: https://pastebin.com/raw/9Ti9sg6Q | I8: https://www.youtube.com/watch?v=-pLG9I5VwPk
A9: 15.11.2020 | B9: dphdmn | C9: 0.736 | D9: 21.3 | E9: 29.884 | F9: Tablet | G9: Fringe | H9: https://pastebin.com/raw/E0ge3D49 | I9: https://www.youtube.com/watch?v=MGmab8CqhoE
A10: 26.09.2020 | B10: dphdmn | C10: 0.777 | D10: 23.5 | E10: 29.839 | F10: Tablet | G10: Fringe | H10: https://imgur.com/05M4YiQ | I10: https://www.youtube.com/watch?v=Jmwogvp0B8c
A11: 01.08.2020 | B11: Dawidluna | C11: 0.794 | D11: 19.5 | E11: 24.367 | F11: Mouse | G11: Fringe | H11: ??? | I11: ???
A12: 07.07.2020 | B12: Dawidluna | C12: 0.894 | D12: 22.3 | E12: 24.943 | F12: Mouse | G12: Fringe | H12: https://pastebin.com/raw/jzS3QWuN | I12: ???
A13: 11.05.2020 | B13: Dawidluna | C13: 0.93 | D13: 21.5 | E13: 23.802 | F13: Mouse | G13: Fringe | H13: ??? | I13: ???
... A22: 16.05.2014 | B22: ben1996123 | C22: 1.274 | D22: 20.9 | E22: 16.454 | F22: Keyboard | G22: Fringe | H22: ??? | I22: https://www.youtube.com/watch?v=6hBdXG2ud_Q

Sheet 3x3 ao50
A1: Date | B1: Name | C1: Time | D1: Movecount | E1: TPS | F1: Control | G1: Style | H1: Solve Data | I1: Video
A2: 09.06.2025 | B2: dphdmn | C2: 0.65 | D2: 23.833 | E2: 37.563 | F2: Tablet | G2: Fringe | H2: In replay | I2: https://youtu.be/wRpE-NXbUqQ
A3: 06.04.2025 | B3: dphdmn | C3: 0.722 | D3: 25.166 | E3: 36.027 | F3: Tablet | G3: Fringe | H3: In replay | I3: https://youtu.be/oKS8Cxz-Dfw
A4: 13.03.2025 | B4: dphdmn | C4: 0.741 | D4: 26.354 | E4: 36.466 | F4: Tablet | G4: Fringe | H4: In replay | I4: https://youtu.be/4E_0ttmC6XM
A5: 01.02.2025 | B5: vovker | C5: 0.749 | D5: 23.854 | E5: 33.19 | F5: Mouse | G5: Fringe | H5: In replay | I5: ???
A6: 13.01.2025 | B6: vovker | C6: 0.754 | D6: 23.937 | E6: 32.615 | F6: Mouse | G6: Fringe | H6: https://pastebin.com/raw/QJjzXVTY | I6: ???
A7: 29.10.2024 | B7: vovker | C7: 0.76 | D7: 23.395 | E7: 31.448 | F7: Mouse | G7: Fringe | H7: ??? | I7: ???
A8: 16.08.2024 | B8: vovker | C8: 0.773 | D8: 22.5 | E8: 29.649 | F8: Mouse | G8: Fringe | H8: ??? | I8: ???
A9: 22.05.2024 | B9: dphdmn | C9: 0.801 | D9: 24.708 | E9: 32.366 | F9: Tablet | G9: Fringe | H9: https://pastebin.com/raw/TWTeVUED | I9: https://youtu.be/DSDqLjGPRzU?t=373
A10: 13.11.2023 | B10: dphdmn | C10: 0.805 | D10: 23.604 | E10: 31.104 | F10: Tablet | G10: Fringe | H10: https://pastebin.com/raw/VSJw7A1K | I10: https://youtu.be/Kbc1zEH-zPQ?t=558
A11: 21.08.2022 | B11: dphdmn | C11: 0.823 | D11: 24.916 | E11: 31.433 | F11: Tablet | G11: Fringe | H11: https://pastebin.com/raw/yrWKW6XJ | I11: https://youtu.be/PWf96EPdOLw
A12: 10.05.2022 | B12: vovker | C12: 0.846 | D12: 24.062 | E12: 30.238 | F12: Mouse | G12: Fringe | H12: ??? | I12: ???
A13: 19.04.2022 | B13: vovker | C13: 0.857 | D13: 22.854 | E13: 27.132 | F13: Mouse | G13: Fringe | H13: ??? | I13: ???
... A20: 12.08.2020 | B20: Dawidluna | C20: 1.015 | D20: 24.854 | E20: 25.276 | F20: Mouse | G20: Fringe | H20: ??? | I20: ???
A21: 02.08.2020 | B21: Dawidluna | C21: 1.06 | D21: ??? | E21: ??? | F21: Mouse | G21: Fringe | H21: ??? | I21: ???
A22: 25.03.2020 | B22: Dawidluna | C22: 1.102 | D22: 24.541 | E22: 22.813 | F22: Mouse | G22: Fringe | H22: https://pastebin.com/raw/NbZKR191 | I22: ???
A23: 31.10.2019 | B23: Dawidluna | C23: 1.266 | D23: 27.583 | E23: 22.122 | F23: Mouse | G23: Fringe | H23: ??? | I23: https://www.youtube.com/watch?v=90snF_CyJ0Q
A24: 05.04.2019 | B24: gottagitgud | C24: 1.318 | D24: 23.104 | E24: 17.776 | F24: Keyboard | G24: Fringe | H24: ??? | I24: ???
A25: 06.02.2019 | B25: ben1996123 | C25: 1.336 | D25: 23.27 | E25: 17.676 | F25: Keyboard | G25: Fringe | H25: ??? | I25: https://www.youtube.com/watch?v=BbRYrTdNBAs&t=5s
A26: 17.10.2015 | B26: ben1996123 | C26: 1.349 | D26: ??? | E26: ??? | F26: Keyboard | G26: Fringe | H26: ??? | I26: ???

Sheet 3x3 ao100
A1: Date | B1: Name | C1: Time | D1: Movecount | E1: TPS | F1: Control | G1: Style | H1: Solve Data | I1: Video
A2: 05.04.2026 | B2: dphdmn | C2: 0.736 | D2: 26.153 | E2: 37.017 | F2: Tablet | G2: Fringe | H2: In replay | I2: https://youtu.be/9XrEJvCS0MY
A3: 04.03.2026 | B3: dphdmn | C3: 0.745 | D3: 25.877 | E3: 37.113 | F3: Tablet | G3: Fringe | H3: In replay | I3: ???
A4: 06.04.2025 | B4: dphdmn | C4: 0.746 | D4: 25.622 | E4: 35.809 | F4: Tablet | G4: Fringe | H4: In replay | I4: https://youtu.be/oKS8Cxz-Dfw
A5: 22.03.2025 | B5: dphdmn | C5: 0.793 | D5: 25.918 | E5: 34.403 | F5: Tablet | G5: Fringe | H5: In replay | I5: https://youtu.be/OvLDB9tA5uY
A6: 10.01.2025 | B6: vovker | C6: 0.798 | D6: 24.163 | E6: 31.405 | F6: Mouse | G6: Fringe | H6: In replay | I6: https://youtu.be/vBow-Nhdwto
A7: 05.11.2024 | B7: vovker | C7: 0.835 | D7: 24.581 | E7: 30.792 | F7: Mouse | G7: Fringe | H7: ??? | I7: ???
A8: 01.11.2024 | B8: vovker | C8: 0.838 | D8: 24.53 | E8: 30.504 | F8: Mouse | G8: Fringe | H8: ??? | I8: ???
A9: 01.06.2023 | B9: dphdmn | C9: 0.845 | D9: 26.346 | E9: 32.592 | F9: Tablet | G9: Fringe | H9: https://pastebin.com/raw/dwadcnik | I9: https://youtu.be/HMcN5rO1DJg
A10: 22.01.2023 | B10: dphdmn | C10: 0.889 | D10: 26.938 | E10: 32.007 | F10: Tablet | G10: Fringe | H10: https://pastebin.com/raw/dPBHi64T | I10: https://www.youtube.com/watch?v=qzBWPeZ7LDY
A11: 07.05.2022 | B11: vovker | C11: 0.915 | D11: 24.54 | E11: 27.782 | F11: Mouse | G11: Fringe | H11: ??? | I11: ???
A12: 22.04.2022 | B12: vovker | C12: 0.952 | D12: 25.326 | E12: 27.759 | F12: Mouse | G12: Fringe | H12: ??? | I12: ???
A13: 14.01.2022 | B13: Dawidluna | C13: 0.961 | D13: 26.489 | E13: 28.239 | F13: Mouse | G13: Fringe | H13: ??? | I13: ???
... A18: 01.08.2020 | B18: Dawidluna | C18: 1.131 | D18: 26.091 | E18: 23.67 | F18: Mouse | G18: Fringe | H18: ??? | I18: ???
A19: <01.08.2020 | B19: Dawidluna | C19: 1.195 | D19: ??? | E19: ??? | F19: Mouse | G19: Fringe | H19: ??? | I19: ???
A20: 21.07.2020 | B20: Dawidluna | C20: 1.199 | D20: ??? | E20: ??? | F20: Mouse | G20: Fringe | H20: ??? | I20: ???
A21: 25.03.2020 | B21: Dawidluna | C21: 1.238 | D21: 27.051 | E21: 22.303 | F21: Mouse | G21: Fringe | H21: https://pastebin.com/raw/DtxwNa1b | I21: ???
A22: 31.10.2019 | B22: Dawidluna | C22: 1.328 | D22: 28.51 | E22: 21.917 | F22: Mouse | G22: Fringe | H22: ??? | I22: https://youtu.be/90snF_CyJ0Q
A23: 11.07.2019 | B23: gottagitgud | C23: 1.387 | D23: 23 | E23: 16.799 | F23: Keyboard | G23: Fringe | H23: ??? | I23: ???
A24: 17.10.2015 | B24: ben1996123 | C24: 1.391 | D24: 23.622 | E24: 17.191 | F24: Keyboard | G24: Fringe | H24: https://pastebin.com/raw/kVJXJ5yY | I24: ???
A25: 10.10.2015 | B25: ben1996123 | C25: 1.432 | D25: 24.183 | E25: 17.115 | F25: Keyboard | G25: Fringe | H25: https://pastebin.com/raw/bX7gRTjQ | I25: https://www.youtube.com/watch?v=vq6MO2chLRc&t=201s

Sheet 3x3 x10
A1: Date | B1: Name | C1: Time | D1: Movecount | E1: TPS | F1: Control | G1: Style | H1: Solve Data | I1: Video
A2: 28.06.2025 | B2: dphdmn | C2: 9.953 | D2: 241 | E2: 24.213 | F2: Tablet | G2: Fringe | H2: In replay | I2: https://youtu.be/Vgs0Yb5JH6Y
A3: 25.02.2025 | B3: dphdmn | C3: 9.961 | D3: 221 | E3: 22.187 | F3: Tablet | G3: Fringe | H3: In replay | I3: https://youtu.be/qF1nbzR5EU8
A4: 05.02.2025 | B4: vovker | C4: 10.061 | D4: 222 | E4: 22.065 | F4: Mouse | G4: Fringe | H4: In replay | I4: https://youtu.be/N6op9neeUDc
A5: 01.10.2024 | B5: vovker | C5: 10.31 | D5: 199 | E5: 19.301 | F5: Mouse | G5: Fringe | H5: In vid desc | I5: https://www.youtube.com/watch?v=Otvxaz2Wl_I
A6: 01.10.2024 | B6: dphdmn | C6: 10.973 | D6: 217 | E6: 19.776 | F6: Tablet | G6: Fringe | H6: In vid comment | I6: https://www.youtube.com/watch?v=2JLJoV1cKdo
A7: 12.09.2024 | B7: vovker | C7: 10.999 | D7: 224 | E7: 20.365 | F7: Mouse | G7: Fringe | H7: https://pastebin.com/raw/JPBk4aKn | I7: ???
A8: 26.08.2022 | B8: dphdmn | C8: 11.123 | D8: 248 | E8: 22.296 | F8: Tablet | G8: Fringe | H8: https://pastebin.com/raw/Ax687sdv | I8: https://www.youtube.com/watch?v=7_IkU9lyHb4
A9: 13.06.2022 | B9: vovker | C9: 11.415 | D9: 214 | E9: 18.747 | F9: Mouse | G9: Fringe | H9: https://pastebin.com/raw/xRHBSqCnn | I9: https://www.youtube.com/watch?v=oUbQpN7hf4w
A10: 24.06.2021 | B10: dphdmn | C10: 11.903 | D10: 240 | E10: 20.162 | F10: Tablet | G10: Fringe | H10: https://pastebin.com/raw/TyeGNvJ6 | I10: https://www.youtube.com/watch?v=Lh6y2Nsktwc
A11: 23.06.2021 | B11: dphdmn | C11: 12.771 | D11: 229 | E11: 17.931 | F11: Tablet | G11: Fringe | H11: ??? | I11: ???
A12: 07.04.2021 | B12: dphdmn | C12: 12.782 | D12: 237 | E12: 18.541 | F12: Tablet | G12: Fringe | H12: https://pastebin.com/raw/tTextr5A | I12: https://www.youtube.com/watch?v=D9dW4dzKabc
A13: 11.02.2021 | B13: vovker | C13: 13.103 | D13: 231 | E13: 17.629 | F13: Mouse | G13: Fringe | H13: https://pastebin.com/raw/x1sYk8Vk | I13: ???
... A22: 01.07.2015 | B22: soup | C22: 19.072 | D22: 273 | E22: 14.314 | F22: Mouse | G22: LBL | H22: ??? | I22: ???

Sheet 3x3 x42
A1: Date | B1: Name | C1: Time | D1: Movecount | E1: TPS | F1: Control | G1: Style | H1: Solve Data | I1: Video
A2: 02.08.2025 | B2: dphdmn | C2: 49.962 | D2: 1202 | E2: 24.058 | F2: Tablet | G2: Fringe | H2: In replay | I2: https://youtu.be/BbMYZRThyxo
A3: 02.08.2025 | B3: dphdmn | C3: 50.426 | D3: 1156 | E3: 22.924 | F3: Tablet | G3: Fringe | H3: In replay | I3: ???
A4: 01.06.2025 | B4: dphdmn | C4: 50.692 | D4: 1101 | E4: 21.719 | F4: Tablet | G4: Fringe | H4: In replay | I4: https://www.youtube.com/watch?v=PDyn_fLcT70
A5: 06.02.2025 | B5: dphdmn | C5: 51.261 | D5: 1031 | E5: 20.112 | F5: Tablet | G5: Fringe | H5: In replay | I5: https://youtu.be/I_12rOWXcgg
A6: 10.01.2025 | B6: vovker | C6: 53.423 | D6: 1078 | E6: 20.179 | F6: Mouse | G6: Fringe | H6: In replay | I6: https://www.youtube.com/watch?v=e33CrqUNTAM
A7: 10.01.2025 | B7: vovker | C7: 53.635 | D7: 1096 | E7: 20.434 | F7: Mouse | G7: Fringe | H7: ??? | I7: ???
A8: 10.01.2025 | B8: vovker | C8: 54.48 | D8: 1054 | E8: 19.346 | F8: Mouse | G8: Fringe | H8: ??? | I8: ???
A9: 02.01.2025 | B9: vovker | C9: 55.583 | D9: 1133 | E9: 20.383 | F9: Mouse | G9: Fringe | H9: ??? | I9: ???
A10: 02.01.2025 | B10: vovker | C10: 56.068 | D10: 1057 | E10: 18.852 | F10: Mouse | G10: Fringe | H10: ??? | I10: ???
A11: 08.12.2024 | B11: vovker | C11: 56.09 | D11: 1078 | E11: 19.219 | F11: Mouse | G11: Fringe | H11: ??? | I11: https://youtu.be/B1J2H9d36wo
A12: 11.10.2024 | B12: vovker | C12: 56.326 | D12: 1065 | E12: 18.907 | F12: Mouse | G12: Fringe | H12: In vid desc | I12: https://www.youtube.com/watch?v=TCZok1Lt4eo
A13: 19.04.2023 | B13: dphdmn | C13: 56.759 | D13: 1139 | E13: 20.067 | F13: Tablet | G13: Fringe | H13: https://pastebin.com/raw/EUnZzw4A | I13: https://youtu.be/RB6jo49Wbsc
... A32: 04.06.2015 | B32: ben1996123 | C32: 97.095 | D32: 1127 | E32: 11.607 | F32: Keyboard | G32: Fringe | H32: ??? | I32: ???

Sheet 4x4 single
A1: Date | B1: Name | C1: Time | D1: Movecount | E1: TPS | F1: Control | G1: Style | H1: Scramble | I1: Solution | J1: Video
A2: 20.05.2025 | B2: dphdmn | C2: 0.909 | D2: 26 | E2: 28.602 | F2: Tablet | G2: Fringe | H2: 7 1 0 3/5 9 2 8/13 6 11 4/10 14 15 12 | I2: R2ULDLULU2R3D3L3UR2U2L2 | J2: https://youtu.be/aNzNFn8fQMw
A3: 08.09.2024 | B3: dphdmn | C3: 0.946 | D3: 33 | E3: 34.883 | F3: Tablet | G3: Fringe | H3: 10 0 5 2/6 4 1 3/9 14 8 12/13 7 11 15 | I3: LUR2DL3UR3DL3U3R2D2LU2LD2RU2L | J3: https://www.youtube.com/watch?v=RRjOcl3efDU
A4: 31.10.2020 | B4: ben1996123 | C4: 0.953 | D4: 23 | E4: =D4/C4 -> 24.134313 | F4: Tablet | G4: Fringe | H4: 1 2 4 8/11 7 0 3/6 14 10 12/5 9 13 15 | I4: LDRUR2U2L2DRDRU2L2DRUL2 | J4: https://www.youtube.com/watch?v=gclz6T9Z85Q
A5: 24.10.2020 | B5: vovker | C5: 1.184 | D5: 28 | E5: =D5/C5 -> 23.648649 | F5: Mouse | G5: Fringe | H5: 5 1 4 8/3 6 7 0/13 15 2 10/14 9 11 12 | I5: RURDRDLUL2DR2U3LDLUR3DL2UL | J5: https://youtu.be/e_00dkcP41A
A6: 29.09.2020 | B6: dphdmn | C6: 1.342 | D6: 34 | E6: =D6/C6 -> 25.33532 | F6: Tablet | G6: Fringe | H6: 3 10 2 4/1 14 7 0/9 12 5 8/13 11 15 6 | I6: RURDLDR2UL2DRUL2U2RDLDRU2RD2L2URUL | J6: https://youtu.be/pZ9Qdb4kHMI
A7: 05.09.2016 | B7: ben1996123 | C7: 1.442 | D7: 26 | E7: =D7/C7 -> 18.030513 | F7: Keyboard | G7: Fringe | H7: 1 2 3 4/12 13 11 7/5 10 6 8/14 9 15 0 | I7: R2D2RUL2DRU2LDRURDL2DLURUL | J7: https://www.youtube.com/watch?v=ZITqHOGIdX4
A8: 13.11.2014 | B8: ben1996123 | C8: 1.788 | D8: 28 | E8: =D8/C8 -> 15.659955 | F8: Keyboard | G8: Fringe | H8: 1 3 9 4/8 14 2 10/5 15 6 11/13 0 12 7 | I8: D2LDRUL2U2R2D2RUL2DRUL2DRULU | J8: https://www.youtube.com/watch?v=mw9vowCC9IU
A9: 17.07.2014 | B9: ben1996123 | C9: 2 | D9: 33 | E9: =D9/C9 -> 16.5 | F9: Keyboard | G9: Fringe | H9: 6 7 1 4/14 13 2 8/5 3 10 12/11 9 0 15 | I9: DRDDLUURDRDLLURULDRRULURDLLURDLUL | J9: https://www.youtube.com/watch?v=Wwqz7kvIl3Q
A10: 26.01.2014 | B10: ben1996123 | C10: 2.208 | D10: 38 | E10: =D10/C10 -> 17.210145 | F10: Keyboard | G10: Fringe | H10: 8 3 4 15/14 2 6 0/5 1 9 7/13 12 10 11 | I10: DRRUULDDRURDLLURRULLDRULLDRUURDLULDRUL | J10: https://www.youtube.com/watch?v=d936xjpIleA
A11: 21.10.2013 | B11: ben1996123 | C11: 2.568 | D11: 37 | E11: 14.408 | F11: Keyboard | G11: Fringe | H11: 1 0 2 4/9 5 7 14/10 11 3 6/12 13 15 8 | I11: ULURDDLUURRULDRDLLULDRULURDRDLLURRULL | J11: not recorded
A12: 10.10.2013 | B12: ben1996123 | C12: 2.791 | D12: 44 | E12: =D12/C12 -> 15.764959 | F12: Keyboard | G12: Fringe | H12: 1 8 0 15/5 4 6 2/9 3 12 10/13 7 11 14 | I12: RUULDLDRRULLDRRULURULDRDLULURRDLURDLLURDRULL | J12: https://www.youtube.com/watch?v=QBcoSeD5lL8
A13: 02.10.2013 | B13: ben1996123 | C13: 3.351 | D13: 43 | E13: =D13/C13 -> 12.83199 | F13: Keyboard | G13: Fringe | H13: 7 6 10 0/3 4 9 11/1 2 5 8/13 14 15 12 | I13: RRULDRRUULDDRUULDRULLDLDRRUURDLULDLURDRULLU | J13: https://www.youtube.com/watch?v=Oq6Fn-tQ-JE
A14: 26.09.2013 | B14: ben1996123 | C14: 3.519 | D14: 50 | E14: =D14/C14 -> 14.208582 | F14: Keyboard | G14: Fringe | H14: ... | I14: ... | J14: https://www.youtube.com/watch?v=dUZckVJVRbg

Sheet 4x4 ao5
A1: Date | B1: Name | C1: Time | D1: Movecount | E1: TPS | F1: Control | G1: Style | H1: Solve Data | I1: Video
A2: 02.09.2025 | B2: dphdmn | C2: 1.794 | D2: 58 | E2: 30.992 | F2: Tablet | G2: Fringe | H2: In replay | I2: https://youtu.be/X8rsJu13GSA
A3: 25.05.2025 | B3: vovker | C3: 1.829 | D3: 57.333 | E3: 29.814 | F3: Mouse | G3: Fringe | H3: In replay | I3: https://www.youtube.com/watch?v=GvtJv-2sSn4
A4: 03.03.2025 | B4: dphdmn | C4: 1.916 | D4: 61.333 | E4: 31.709 | F4: Tablet | G4: Fringe | H4: In replay | I4: https://youtu.be/YblLg_oqMOg
A5: 07.02.2025 | B5: vovker | C5: 1.95 | D5: 51.666 | E5: 24.28 | F5: Mouse | G5: Fringe | H5: In replay | I5: https://www.youtube.com/watch?v=l7LG_l0mgVE
A6: 09.09.2024 | B6: vovker | C6: 1.995 | D6: 54.666 | E6: 27.436 | F6: Mouse | G6: Fringe | H6: In vid desc | I6: https://www.youtube.com/watch?v=F-jxLmRzpiE
A7: 18.05.2024 | B7: dphdmn | C7: 2.049 | D7: 62 | E7: 29.747 | F7: Tablet | G7: Fringe | H7: In replay | I7: https://youtu.be/6lITiyo4yXc
A8: 18.02.2023 | B8: dphdmn | C8: 2.114 | D8: 62 | E8: 27.286 | F8: Tablet | G8: Fringe | H8: https://pastebin.com/raw/yPguXYRu | I8: https://www.youtube.com/watch?v=FXyGXFs9Kjo
A9: 14.08.2022 | B9: dphdmn | C9: 2.132 | D9: 61.333 | E9: 28.414 | F9: Tablet | G9: Fringe | H9: https://pastebin.com/raw/AptS6srV | I9: https://youtu.be/UUYhJj4QGh8?t=34
A10: 13.02.2022 | B10: Dawidluna | C10: 2.273 | D10: 57 | E10: 25.854 | F10: Mouse | G10: Fringe | H10: https://pastebin.com/raw/8q6bq4XZ | I10: https://www.youtube.com/watch?v=tAhJcBPqZF0
A11: 26.01.2022 | B11: Dawidluna | C11: 2.323 | D11: 61.666 | E11: 26.763 | F11: Mouse | G11: Fringe | H11: https://pastebin.com/raw/asPrXny0 | I11: https://www.youtube.com/watch?v=7BaZOVwQhYU
A12: 11.12.2021 | B12: Dawidluna | C12: 2.382 | D12: 65.666 | E12: 25.611 | F12: Mouse | G12: Fringe | H12: ??? | I12: ???
A13: 31.05.2021 | B13: dphdmn | C13: 2.39 | D13: 66.666 | E13: 27.886 | F13: Tablet | G13: Fringe | H13: https://pastebin.com/raw/VmUQ6RZB | I13: https://www.youtube.com/watch?v=F0y3kwhb1tI
... A21: 21.07.2020 | B21: Dawidluna | C21: 2.764 | D21: 65.333 | E21: 22.947 | F21: Mouse | G21: Fringe | H21: 2.676 (missing), 2.719, 2.898, (2.666), (3.743) | I21: https://www.youtube.com/watch?v=oRp1jxWsLLc
A22: 19.07.2020 | B22: Dawidluna | C22: 3.127 | D22: ??? | E22: ??? | F22: Mouse | G22: Fringe | H22: ??? | I22: ???
A23: 08.07.2020 | B23: Dawidluna | C23: 3.145 | D23: 65.333 | E23: 21.227 | F23: Mouse | G23: Fringe | H23: ??? | I23: https://www.youtube.com/watch?v=VmvJABsuZOo
A24: 05.05.2020 | B24: ben1996123 | C24: 3.172 | D24: 51.666 | E24: 15.336 | F24: Keyboard | G24: Fringe | H24: (2.456) (35) 14.250 5 1 12 2/9 10 6 4/13 14 3 8/7 15 0 11 R2D3L3URU2RD3LULURURD2LURUL2DRUL 05 May 2016, 23:34 3.346 53 15.839 12 15 3 8/2 5 1 7/4 11 10 6/0 9 13 14 L2DR2DL2UR2DL2URD2RU3LD3LU2RDL2URDLDR2ULURUL2DR2UL2 05 May 2016, 23:35 3.266 52 15.921 15 13 0 11/4 14 1 5/2 8 3 9/10 6 12 7 U2RDRDL2UR2ULDRDL2ULDR2ULURURD2LUL2UR2DL2DRU2R2DL3U 05 May 2016, 23:36 (7.580) (99) (13.060) 8 14 3 15/0 10 12 5/13 7 11 4/9 2 1 6 LU2LD2RU2LD2LDR2U2LDLURD2RURDL3URULUR3DL3DR3UL2DR2ULULDLDRUR2DLULDR2UL2DLU2R2DL2URDLDR2ULULDRUL 05 May 2016, 23:38 2.906 50 (17.205) 10 2 5 4/3 0 1 8/14 9 12 7/15 6 13 11 RDLULUR2DL2URDLDR2UL2URULDR2ULDRDL2ULUR2D2LU2RDL2U 05 May 2016, 23:38 3.172 51.666 15.336 0.191 | I24: ???
A25: 14.04.2015 | B25: ben1996123 | C25: 3.701 | D25: 52 | E25: 13.975 | F25: Keyboard | G25: Fringe | H25: ??? | I25: ???
A26: 10.10.2014 | B26: ben1996123 | C26: 3.891 | D26: 60.333 | E26: 15.139 | F26: Keyboard | G26: Fringe | H26: https://pastebin.com/ZTZV7Lhq | I26: https://www.youtube.com/watch?v=_qCzKWDXg9k
A27: <9.06.2014 | B27: ben1996123 | C27: 3.951 | D27: ??? | E27: ??? | F27: Keyboard | G27: Fringe | H27: ??? | I27: ???
A28: 15.12.2013 | B28: ben1996123 | C28: 4.319 | D28: 60 | E28: 14.771 | F28: Keyboard | G28: Fringe | H28: 5.127, 3.799, (3.551), (5.128), 4.031 | I28: https://www.youtube.com/watch?v=afhsxwSgTUM
A29: 12.10.2013 | B29: ben1996123 | C29: 4.956 | D29: ??? | E29: ??? | F29: Keyboard | G29: Fringe | H29: (6.671), 4.911, (3.304), 5.399, 4.559 | I29: https://www.youtube.com/watch?v=sGH46jNIyi4

Sheet 4x4 ao12
A1: Date | B1: Name | C1: Time | D1: Movecount | E1: TPS | F1: Control | G1: Style | H1: Solve Data | I1: Video
A2: 14.03.2026 | B2: dphdmn | C2: 2.157 | D2: 66.6 | E2: 30.74 | F2: Tablet | G2: Fringe | H2: In replay | I2: https://youtu.be/R56tnvSorb4
A3: 03.10.2025 | B3: dphdmn | C3: 2.243 | D3: 71 | E3: 31.63 | F3: Tablet | G3: Fringe | H3: In replay | I3: https://youtu.be/twShIWqsjNI
A4: 21.08.2025 | B4: dphdmn | C4: 2.249 | D4: 73.1 | E4: 32.48 | F4: Tablet | G4: Fringe | H4: In replay | I4: https://youtu.be/ACcWHdXRIV8
A5: 10.06.2025 | B5: dphdmn | C5: 2.295 | D5: 72.8 | E5: 31.177 | F5: Tablet | G5: Fringe | H5: In replay | I5: https://youtu.be/tIOTaEGgfL0
A6: 03.04.2025 | B6: dphdmn | C6: 2.301 | D6: 72.1 | E6: 31.296 | F6: Tablet | G6: Fringe | H6: In replay | I6: https://youtu.be/YpRsSiulSnM
A7: 21.03.2025 | B7: dphdmn | C7: 2.356 | D7: 68.8 | E7: 29.072 | F7: Tablet | G7: Fringe | H7: In replay | I7: https://youtu.be/8cV1WE7RzbY?t=194
A8: 11.03.2025 | B8: dphdmn | C8: 2.371 | D8: 71.4 | E8: 31.252 | F8: Tablet | G8: Fringe | H8: In replay | I8: https://youtu.be/yS69K9xcW8o?t=115
A9: 11.03.2025 | B9: dphdmn | C9: 2.427 | D9: 75.1 | E9: 30.709 | F9: Tablet | G9: Fringe | H9: https://raw.githubusercontent.com/dphdmn/mytextfiles/refs/heads/main/slidy/badao12data.txt | I9: https://youtu.be/wWTzXh8bmNE?t=894
A10: 29.10.2024 | B10: vovker | C10: 2.461 | D10: 68.3 | E10: 27.515 | F10: Mouse | G10: Fringe | H10: In replay | I10: ???
A11: 16.09.2024 | B11: vovker | C11: 2.497 | D11: 64.6 | E11: 26.295 | F11: Mouse | G11: Fringe | H11: ??? | I11: ???
A12: 25.01.2023 | B12: dphdmn | C12: 2.584 | D12: 72 | E12: 27.971 | F12: Tablet | G12: Fringe | H12: https://pastebin.com/raw/NsERsutL | I12: https://youtu.be/nqNoX9WQLMw
A13: 21.01.2023 | B13: dphdmn | C13: 2.668 | D13: 76.6 | E13: 28.852 | F13: Tablet | G13: Fringe | H13: https://pastebin.com/raw/B0HMrn1Q | I13: https://youtu.be/WH5kjuer1ec?t=98
... A31: 26.07.2020 | B31: Dawidluna | C31: 3.551 | D31: 79.8 | E31: 22.491 | F31: Mouse | G31: Fringe | H31: ??? | I31: ???
A32: 21.07.2020 | B32: Dawidluna | C32: 3.649 | D32: ??? | E32: ??? | F32: Mouse | G32: Fringe | H32: ??? | I32: ???
A33: 08.07.2020 | B33: Dawidluna | C33: 3.679 | D33: 79.1 | E33: 21.16 | F33: Mouse | G33: Fringe | H33: ??? | I33: https://www.youtube.com/watch?v=VmvJABsuZOo
A34: 13.05.2020 | B34: Dawidluna | C34: 3.739 | D34: 72.6 | E34: 19.65 | F34: Mouse | G34: Fringe | H34: ??? | I34: ???
A35: <05.04.2020 | B35: Dawidluna | C35: 3.741 | D35: 82.6 | E35: 21.902 | F35: Mouse | G35: Fringe | H35: ??? | I35: ???
A36: 27.02.2020 | B36: Dawidluna | C36: 3.753 | D36: 84.1 | E36: 22.155 | F36: Mouse | G36: Fringe | H36: ??? | I36: https://youtu.be/Cx4AT5w3TKg
A37: 08.02.2020 | B37: Dawidluna | C37: 3.887 | D37: ??? | E37: ??? | F37: Mouse | G37: Fringe | H37: ??? | I37: ???
A38: 03.01.2020 | B38: Dawidluna | C38: 3.951 | D38: 80.5 | E38: 20.467 | F38: Mouse | G38: Fringe | H38: ??? | I38: https://youtu.be/unD2-ZljJmU
A39: 06.01.2016 | B39: ben1996123 | C39: 4.03 | D39: 61.4 | E39: 15.36 | F39: Keyboard | G39: Fringe | H39: https://pastebin.com/raw/F5XwW1Yy | I39: https://youtu.be/sT_mx4nhm2M
A40: 04.10.2015 | B40: ben1996123 | C40: 4.129 | D40: 64.1 | E40: 15.649 | F40: Keyboard | G40: Fringe | H40: https://pastebin.com/raw/jZ3XQqf33 | I40: https://youtu.be/QDYCdPspihk
A41: 24.05.2015 | B41: ben1996123 | C41: 4.248 | D41: 65.1 | E41: 15.548 | F41: Keyboard | G41: Fringe | H41: https://pastebin.com/raw/xKaWkqJ5 | I41: https://youtu.be/SVv2uHotecY
A42: 29.10.2014 | B42: ben1996123 | C42: 4.332 | D42: 63.3 | E42: 14.836 | F42: Keyboard | G42: Fringe | H42: https://pastebin.com/raw/vXEU626P | I42: https://youtu.be/T1bhsY8qMK8
A43: 18.07.2014 | B43: ben1996123 | C43: 4.592 | D43: ??? | E43: ??? | F43: Keyboard | G43: Fringe | H43: 4.760, 4.631, 4.632, 4.911, 4.168, 4.135, 5.127, 4.560, 4.864, (6.911), 4.135, (3.311) | I43: ???
A44: 15.12.2013 | B44: ben1996123 | C44: 4.672 | D44: 66.5 | E44: 14.327 | F44: Keyboard | G44: Fringe | H44: ??? | I44: https://youtu.be/afhsxwSgTUM
A45: 01.12.2013 | B45: ben1996123 | C45: 5.426 | D45: 78.3 | E45: 14.279 | F45: Keyboard | G45: Fringe | H45: ??? | I45: https://youtu.be/w0lhh5Bk5KE
A46: 11.11.2013 | B46: ben1996123 | C46: 5.57 | D46: 76 | E46: 13.906 | F46: Keyboard | G46: Fringe | H46: ??? | I46: https://www.youtube.com/watch?v=bBKhzXuSPEk
A47: 29.10.2013 | B47: ben1996123 | C47: 5.612 | D47: 80.7 | E47: 14.468 | F47: Keyboard | G47: Fringe | H47: ??? | I47: https://youtu.be/lavd12O58DE
A48: 12.10.2013 | B48: ben1996123 | C48: 5.903 | D48: high | E48: low | F48: Keyboard | G48: Fringe | H48: ??? | I48: https://www.youtube.com/watch?v=sGH46jNIyi4
A49: 08.10.2013 | B49: ben1996123 | C49: 6.137 | D49: high | E49: low | F49: Keyboard | G49: Fringe | H49: 6.689, (3.761), 8.408, 5.638, 5.935, 7.536, (9.464), 5.400, 4.224, 5.894, 5.632, 6.016 | I49: https://youtu.be/HdRva6G21x0

Sheet 4x4 ao50
A1: Date | B1: Name | C1: Time | D1: Movecount | E1: TPS | F1: Control | G1: Style | H1: Solve Data | I1: Video
A2: 05.04.2026 | B2: dphdmn | C2: 2.589 | D2: 77.625 | E2: 30.224 | F2: Tablet | G2: Fringe | H2: In replay | I2: https://youtu.be/ulXwKKR9sJI
A3: 21.08.2025 | B3: dphdmn | C3: 2.59 | D3: 78.687 | E3: 30.879 | F3: Tablet | G3: Fringe | H3: In replay | I3: https://youtu.be/RkRQ2xMQV8E
A4: 19.06.2025 | B4: dphdmn | C4: 2.592 | D4: 78.854 | E4: 30.646 | F4: Tablet | G4: Fringe | H4: In replay | I4: https://youtu.be/a--79pfVExc
A5: 06.04.2025 | B5: dphdmn | C5: 2.698 | D5: 79.208 | E5: 29.635 | F5: Tablet | G5: Fringe | H5: In replay | I5: https://youtu.be/CEjKiG0sLX4?t=141
A6: 21.03.2025 | B6: dphdmn | C6: 2.746 | D6: 78.812 | E6: 28.973 | F6: Tablet | G6: Fringe | H6: In replay | I6: https://youtu.be/8cV1WE7RzbY?t=183
A7: 11.03.2025 | B7: dphdmn | C7: 2.787 | D7: 83.083 | E7: 30.272 | F7: Tablet | G7: Fringe | H7: In replay | I7: https://www.youtube.com/watch?v=yS69K9xcW8o
A8: 08.03.2025 | B8: dphdmn | C8: 2.834 | D8: 82.104 | E8: 29.133 | F8: Tablet | G8: Fringe | H8: In replay | I8: https://youtu.be/yZpxq2n9lrc
A9: 05.03.2025 | B9: dphdmn | C9: 2.853 | D9: 79.354 | E9: 28.191 | F9: Tablet | G9: Fringe | H9: In replay | I9: https://www.youtube.com/watch?v=4Vo4Y2mt5_Q
A10: 12.02.2025 | B10: dphdmn | C10: 2.857 | D10: 79.208 | E10: 27.964 | F10: Tablet | G10: Fringe | H10: In replay | I10: https://www.youtube.com/watch?v=YONe1Fkgqjw
A11: 13.01.2025 | B11: vovker | C11: 2.871 | D11: 79.75 | E11: 27.897 | F11: Mouse | G11: Fringe | H11: In replay | I11: ???
A12: 02.01.2025 | B12: vovker | C12: 2.878 | D12: 74.75 | E12: 26.26 | F12: Mouse | G12: Fringe | H12: ??? | I12: ???
A13: 10.12.2024 | B13: vovker | C13: 2.92 | D13: 76.625 | E13: 26.443 | F13: Mouse | G13: Fringe | H13: ??? | I13: https://youtu.be/ZLlo4wzHWbQ
... A38: 11.07.2016 | B38: soup | C38: 4.645 | D38: 87.333 | E38: 18.838 | F38: Mouse | G38: LBL | H38: ??? | I38: ???
A39: 18.07.2014 | B39: ben1996123 | C39: 4.944 | D39: ??? | E39: ??? | F39: Keyboard | G39: Fringe | H39: 3.856, 5.368, 5.391, 4.599, 4.263, 5.659, 4.046, 5.056, 4.761, 5.895, 5.447, 5.959, 3.580, 6.279, 5.375, 5.175, 3.640, 6.087, 6.113, 4.367, 4.727, 4.966, 5.054, 4.240, 4.770, 5.255, 4.200, 4.760, 4.631, 4.632, 4.911, 4.168, 4.135, 5.127, 4.560, 4.864, (6.911), 4.135, (3.311), 5.743, 5.728, 4.015, 4.752, 6.278, 6.768, 4.135, 5.256, 4.928, 5.646, 4.024 | I39: ???

Sheet 4x4 ao100
A1: Date | B1: Name | C1: Time | D1: Movecount | E1: TPS | F1: Control | G1: Style | H1: Solve Data | I1: Video
A2: 15.03.2026 | B2: dphdmn | C2: 2.727 | D2: 78.724 | E2: 29.26 | F2: Tablet | G2: Fringe | H2: In replay | I2: https://youtu.be/DL5y8CBSDSM
A3: 22.02.2026 | B3: dphdmn | C3: 2.751 | D3: 83.53 | E3: 30.675 | F3: Tablet | G3: Fringe | H3: In replay | I3: https://youtu.be/nAKa8UydNhU
A4: 06.04.2025 | B4: dphdmn | C4: 2.782 | D4: 82.265 | E4: 29.857 | F4: Tablet | G4: Fringe | H4: In replay | I4: https://youtu.be/CEjKiG0sLX4
A5: 25.03.2025 | B5: dphdmn | C5: 2.866 | D5: 85.326 | E5: 30.208 | F5: Tablet | G5: Fringe | H5: In replay | I5: https://youtu.be/-9DxU9wboIg
A6: 21.03.2025 | B6: dphdmn | C6: 2.908 | D6: 81.54 | E6: 28.351 | F6: Tablet | G6: Fringe | H6: In replay | I6: https://youtu.be/8cV1WE7RzbY
A7: 09.03.2025 | B7: vovker | C7: 2.937 | D7: 78.908 | E7: 27.109 | F7: Mouse | G7: Fringe | H7: In replay | I7: ???
A8: 08.03.2025 | B8: dphdmn | C8: 2.963 | D8: 83.224 | E8: 28.564 | F8: Tablet | G8: Fringe | H8: In replay | I8: https://youtu.be/dzZ65Gc7RF4
A9: 13.01.2025 | B9: vovker | C9: 2.971 | D9: 81.755 | E9: 27.779 | F9: Mouse | G9: Fringe | H9: In replay | I9: ???
A10: 10.12.2024 | B10: vovker | C10: 2.985 | D10: 77.602 | E10: 26.234 | F10: Mouse | G10: Fringe | H10: ??? | I10: https://youtu.be/ZLlo4wzHWbQ
A11: 09.12.2024 | B11: vovker | C11: 3.066 | D11: 79.5 | E11: 26.313 | F11: Mouse | G11: Fringe | H11: ??? | I11: ???
A12: 21.01.2023 | B12: dphdmn | C12: 3.122 | D12: 80.54 | E12: 26.226 | F12: Tablet | G12: Fringe | H12: https://pastebin.com/raw/3mU7DW1A | I12: https://youtu.be/WH5kjuer1ec
A13: 17.01.2023 | B13: dphdmn | C13: 3.183 | D13: 80.183 | E13: 25.596 | F13: Tablet | G13: Fringe | H13: https://pastebin.com/raw/8fPiwuFx | I13: https://youtu.be/eMRvgo8Y5c4
... A34: 08.09.2016 | B34: ben1996123 | C34: 4.779 | D34: 70.724 | E34: 14.91 | F34: Keyboard | G34: Fringe | H34: ??? | I34: ???
A35: 04.10.2015 | B35: ben1996123 | C35: 4.977 | D35: ??? | E35: ??? | F35: Keyboard | G35: Fringe | H35: ??? | I35: ???
A36: <19.10.2014 | B36: ben1996123 | C36: 5.12x | D36: ??? | E36: ??? | F36: Keyboard | G36: Fringe | H36: ??? | I36: ???
A37: 18.10.2014 | B37: ben1996123 | C37: 5.18 | D37: 77.306 | E37: 15.026 | F37: Keyboard | G37: Fringe | H37: ??? | I37: ???
A38: 18.07.2014 | B38: ben1996123 | C38: 5.216 | D38: ??? | E38: ??? | F38: Keyboard | G38: Fringe | H38: 4.272, 5.584, 5.504, 5.264, 5.328, 6.007, 4.176, 5.752, 5.575, 4.454, 4.559, 6.679, 5.272, 6.064, 5.336, (10.007), 6.224, 5.560, 6.216, 5.839, 5.080, 5.319, 5.232, 5.511, 4.520, 5.840, 5.991, 6.151, 6.185, 4.648, 4.440, 4.495, 5.696, 5.608, 5.127, 4.799, 4.632, 7.254, 4.832, 6.234, 5.280, 6.887, 5.616, 5.448, 6.928, 5.080, 3.856, 5.368, 5.391, 4.599, 4.263, 5.659, 4.046, 5.056, 4.761, 5.895, 5.447, 5.959, 3.580, 6.279, 5.375, 5.175, 3.640, 6.087, 6.113, 4.367, 4.727, 4.966, 5.054, 4.240, 4.770, 5.255, 4.200, 4.760, 4.631, 4.632, 4.911, 4.168, 4.135, 5.127, 4.560, 4.864, 6.911, 4.135, (3.311), 5.743, 5.728, 4.015, 4.752, 6.278, 6.768, 4.135, 5.256, 4.928, 5.646, 4.024, 6.640, 4.719, 5.637, 3.472 | I38: ???
A39: 17.07.2014 | B39: ben1996123 | C39: 5.23 | D39: ??? | E39: ??? | F39: Keyboard | G39: Fringe | H39: ??? | I39: ???

Sheet 4x4 x10
A1: Date | B1: Name | C1: Time | D1: Movecount | E1: TPS | F1: Control | G1: Style | H1: Solve Data | I1: Video
A2: 27.03.2025 | B2: dphdmn | C2: 26.99 | D2: 716 | E2: 26.528 | F2: Tablet | G2: Fringe | H2: In replay | I2: https://youtu.be/46wEZuVIong
A3: 06.03.2023 | B3: dphdmn | C3: 28.98 | D3: 681 | E3: 23.498 | F3: Tablet | G3: Fringe | H3: In replay | I3: https://www.youtube.com/watch?v=lk6iAJ4MiIs
A4: 05.03.2023 | B4: JZE | C4: 31.051 | D4: 658 | E4: 21.19 | F4: Mouse | G4: Fringe | H4: https://pastebin.com/raw/LmY4ki9s | I4: ???
A5: 13.08.2022 | B5: dphdmn | C5: 33.493 | D5: 808 | E5: 24.124 | F5: Tablet | G5: Fringe | H5: https://pastebin.com/raw/3SDX4gQw | I5: https://www.youtube.com/watch?v=erD-ysC7Z9k
A6: 23.07.2022 | B6: vovker | C6: 34.615 | D6: 706 | E6: 20.395 | F6: Mouse | G6: Fringe | H6: https://pastebin.com/raw/AfhPZDkH | I6: ???
A7: 28.06.2021 | B7: dphdmn | C7: 34.639 | D7: 775 | E7: 22.373 | F7: Tablet | G7: Fringe | H7: https://pastebin.com/raw/tgwsbvaX | I7: https://www.youtube.com/watch?v=zqpaFgr9Am0
A8: 29.05.2021 | B8: dphdmn | C8: 36.229 | D8: 753 | E8: 20.784 | F8: Tablet | G8: Fringe | H8: https://pastebin.com/raw/D4vYXNyV | I8: https://www.youtube.com/watch?v=e-qnpZ0u6i8
A9: 09.05.2021 | B9: dphdmn | C9: 36.756 | D9: 783 | E9: 21.302 | F9: Tablet | G9: Fringe | H9: https://pastebin.com/raw/kQUrVnBn | I9: https://www.youtube.com/watch?v=0shaV5YND9g
A10: 26.03.2021 | B10: dphdmn | C10: 37.717 | D10: 797 | E10: 21.131 | F10: Tablet | G10: Fringe | H10: https://pastebin.com/raw/JxzdLhWg | I10: https://www.youtube.com/watch?v=INtgF_dvg-4
A11: 18.11.2020 | B11: dphdmn | C11: 38.361 | D11: 832 | E11: 21.688 | F11: Tablet | G11: Fringe | H11: ??? | I11: https://www.youtube.com/watch?v=ta-FDlxNm9w
A12: 23.08.2020 | B12: dphdmn | C12: 40.225 | D12: 791 | E12: 19.664 | F12: Tablet | G12: Fringe | H12: https://pastebin.com/raw/q2HrbaPi | I12: https://www.youtube.com/watch?v=g0RX0Nm0vIA
A13: 23.03.2020 | B13: Dawidluna | C13: 42.799 | D13: 787 | E13: 18.388 | F13: Mouse | G13: Fringe | H13: https://pastebin.com/raw/fvJMB3CT | I13: ???
... A17: 11.10.2014 | B17: ben1996123 | C17: 57.625 | D17: 734 | E17: 12.737 | F17: Keyboard | G17: Fringe | H17: ??? | I17: https://www.youtube.com/watch?v=Bl8cBfcBs1k

Sheet 4x4 x42
A1: Date | B1: Name | C1: Time | D1: Movecount | E1: TPS | F1: Control | G1: Style | H1: Solve Data | I1: Video | K1: Time (Minutes)
A2: 27.02.2026 | B2: dphdmn | C2: 136.323 | D2: 3611 | E2: 26.489 | F2: Tablet | G2: Fringe | H2: In replay | I2: https://youtu.be/QU9d-jWThbc | K2: =TEXT(INT(C2/60),"00") & ":" & TEXT(INT(MOD(C2,60)),"00") & "." & TEXT(MOD(C2,1)*1000,"000") -> 02:16.323
A3: 27.08.2025 | B3: dphdmn | C3: 137.704 | D3: 3532 | E3: 25.649 | F3: Tablet | G3: Fringe | H3: In replay | I3: https://youtu.be/vbu68iw8Gmc | K3: =TEXT(INT(C3/60),"00") & ":" & TEXT(INT(MOD(C3,60)),"00") & "." & TEXT(MOD(C3,1)*1000,"000") -> 02:17.704
A4: 23.05.2025 | B4: dphdmn | C4: 143.605 | D4: 3301 | E4: 22.987 | F4: Tablet | G4: Fringe | H4: In replay | I4: https://youtu.be/M8ke_mgAJfQ | K4: =TEXT(INT(C4/60),"00") & ":" & TEXT(INT(MOD(C4,60)),"00") & "." & TEXT(MOD(C4,1)*1000,"000") -> 02:23.605
A5: 22.03.2025 | B5: dphdmn | C5: 147.551 | D5: 3500 | E5: 23.721 | F5: Tablet | G5: Fringe | H5: In replay | I5: https://youtu.be/zDhsXsWw2Qg | K5: =TEXT(INT(C5/60),"00") & ":" & TEXT(INT(MOD(C5,60)),"00") & "." & TEXT(MOD(C5,1)*1000,"000") -> 02:27.551
A6: 19.01.2025 | B6: vovker | C6: 147.921 | D6: 3454 | E6: 23.35 | F6: Mouse | G6: Fringe | H6: In replay | I6: ??? | K6: =TEXT(INT(C6/60),"00") & ":" & TEXT(INT(MOD(C6,60)),"00") & "." & TEXT(MOD(C6,1)*1000,"000") -> 02:27.921
A7: 30.07.2023 | B7: dphdmn | C7: 153.486 | D7: 3382 | E7: 22.035 | F7: Tablet | G7: Fringe | H7: In replay | I7: https://www.youtube.com/watch?v=BtPDHSPIj_4 | K7: =TEXT(INT(C7/60),"00") & ":" & TEXT(INT(MOD(C7,60)),"00") & "." & TEXT(MOD(C7,1)*1000,"000") -> 02:33.486
A8: 10.08.2022 | B8: dphdmn | C8: 164.053 | D8: 3493 | E8: 21.291 | F8: Tablet | G8: Fringe | H8: https://pastebin.com/raw/kU8K3f23 | I8: https://www.youtube.com/watch?v=L6yQh_NXrs4 | K8: =TEXT(INT(C8/60),"00") & ":" & TEXT(INT(MOD(C8,60)),"00") & "." & TEXT(MOD(C8,1)*1000,"000") -> 02:44.053
A9: 13.05.2022 | B9: Dawidluna | C9: 168.064 | D9: 3758 | E9: 22.36 | F9: Mouse | G9: Fringe | H9: In replay | I9: ??? | K9: =TEXT(INT(C9/60),"00") & ":" & TEXT(INT(MOD(C9,60)),"00") & "." & TEXT(MOD(C9,1)*1000,"000") -> 02:48.064
A10: 28.06.2021 | B10: dphdmn | C10: 172.933 | D10: 3584 | E10: 20.724 | F10: Tablet | G10: Fringe | H10: https://pastebin.com/raw/cUdh4aKZ | I10: https://www.youtube.com/watch?v=V9Xi6lv-ZaM | K10: =TEXT(INT(C10/60),"00") & ":" & TEXT(INT(MOD(C10,60)),"00") & "." & TEXT(MOD(C10,1)*1000,"000") -> 02:52.933
A11: 17.04.2021 | B11: dphdmn | C11: 178.297 | D11: 3732 | E11: 20.931 | F11: Tablet | G11: Fringe | H11: https://pastebin.com/raw/3vYcSvMh | I11: https://www.youtube.com/watch?v=sBw5QQcDSTM | K11: =TEXT(INT(C11/60),"00") & ":" & TEXT(INT(MOD(C11,60)),"00") & "." & TEXT(MOD(C11,1)*1000,"000") -> 02:58.297
A12: 27.03.2021 | B12: dphdmn | C12: 183.086 | D12: 3541 | E12: 19.34 | F12: Tablet | G12: Fringe | H12: https://pastebin.com/raw/k1JivH3g | I12: https://www.youtube.com/watch?v=WZ5iaVYkfcA | K12: =TEXT(INT(C12/60),"00") & ":" & TEXT(INT(MOD(C12,60)),"00") & "." & TEXT(MOD(C12,1)*1000,"000") -> 03:03.086
A13: 26.03.2021 | B13: dphdmn | C13: 191.467 | D13: 3770 | E13: 19.69 | F13: Tablet | G13: Fringe | H13: https://pastebin.com/raw/V8rbSdug | I13: https://www.youtube.com/watch?v=mgpUGB8So60 | K13: =TEXT(INT(C13/60),"00") & ":" & TEXT(INT(MOD(C13,60)),"00") & "." & TEXT(MOD(C13,1)*1000,"000") -> 03:11.467
... A20: 10.01.2014 | B20: ben1996123 | C20: 297.951 | D20: 3728 | E20: 12.512 | F20: Keyboard | G20: Fringe | H20: ??? | I20: https://www.youtube.com/watch?v=ZY-R3J0sZ9c&t=216s | K20: =TEXT(INT(C20/60),"00") & ":" & TEXT(INT(MOD(C20,60)),"00") & "." & TEXT(MOD(C20,1)*1000,"000") -> 04:57.951

Sheet 4x4 relay
A1: Date | B1: Name | C1: Time | D1: Movecount | E1: TPS | F1: Control | G1: Style | H1: Solve Data | I1: Video
A2: 13.05.2024 | B2: dphdmn | C2: 2.309 | D2: 52 | E2: 22.52 | F2: Tablet | G2: Fringe | H2: In replay | I2: https://youtu.be/KSeKqcaJ4zc
A3: 29.09.2021 | B3: vovker | C3: 2.615 | D3: 52 | E3: 19.885 | F3: Mouse | G3: Fringe | H3: https://raw.githubusercontent.com/dphdmn/dphtrashcan/main/vovkerrelay | I3: https://www.youtube.com/watch?v=3H6Hhzk1Ahw
A4: 12.09.2021 | B4: vovker | C4: 3.119 | D4: 69 | E4: 22.122 | F4: Mouse | G4: Fringe | H4: https://raw.githubusercontent.com/dphdmn/dphtrashcan/main/vovker_relay_3119 | I4: https://www.youtube.com/watch?v=6JnZ2p1ggPA
A5: 30.05.2021 | B5: dphdmn | C5: 3.121 | D5: 74 | E5: 23.71 | F5: Tablet | G5: Fringe | H5: https://raw.githubusercontent.com/dphdmn/dphtrashcan/main/dph_relay3.121 | I5: https://www.youtube.com/watch?v=kftGrRHh5X8
A6: 08.10.2020 | B6: dphdmn | C6: 3.513 | D6: 78 | E6: 22.203 | F6: Tablet | G6: Fringe | H6: https://raw.githubusercontent.com/dphdmn/dphtrashcan/main/dph_relay_3.513 | I6: https://www.youtube.com/watch?v=tcqfee9bay4
A7: 07.10.2020 | B7: JZE | C7: 4.033 | D7: 66 | E7: 16.364 | F7: Mouse | G7: Fringe | H7: ??? | I7: ???
A8: 28.08.2020 | B8: dphdmn | C8: 4.166 | D8: 83 | E8: 19.923 | F8: Tablet | G8: Fringe | H8: ??? | I8: https://www.youtube.com/watch?v=LeRjhM3H8Vo
A9: 19.07.2020 | B9: dphdmn | C9: 4.324 | D9: 75 | E9: 17.345 | F9: Tablet | G9: Fringe | H9: https://pastebin.com/raw/nGmMJk4R | I9: ???
A10: 02.01.2020 | B10: Dawidluna | C10: 4.748 | D10: 93 | E10: 19.587 | F10: Mouse | G10: Fringe | H10: ??? | I10: ???
A11: 12.07.2018 | B11: gottagitgud | C11: 4.906 | D11: 65 | E11: 13.249 | F11: Keyboard | G11: Fringe | H11: ??? | I11: https://www.youtube.com/watch?v=XyjkAZDoJaU
A12: 20.11.2015 | B12: ben1996123 | C12: 5.414 | D12: 74 | E12: 13.668 | F12: Keyboard | G12: Fringe | H12: ??? | I12: ???
A13: <02.05.2015 | B13: ben1996123 | C13: 5.455 | D13: ??? | E13: ??? | F13: Keyboard | G13: Fringe | H13: ??? | I13: ???

Sheet 5x5 single
A1: Date | B1: Name | C1: Time | D1: Movecount | E1: TPS | F1: Control | G1: Style | H1: Scramble | I1: Solution | J1: Video
A2: 15.03.2026 | B2: dphdmn | C2: 3.217 | D2: 98 | E2: 30.463 | F2: Tablet | G2: Fringe | J2: https://youtu.be/GTbXtZyz96w
A3: 15.02.2026 | B3: dphdmn | C3: 3.29 | D3: 86 | E3: 26.139 | F3: Tablet | G3: Fringe | J3: https://youtu.be/DSMBaxfU2HE
A4: 03.05.2024 | B4: dphdmn | C4: 3.389 | D4: 87 | E4: 25.671 | F4: Tablet | G4: Fringe | H4: In replay | I4: In replay | J4: https://youtu.be/SuJY_icsM4k
A5: 17.04.2022 | B5: vovker | C5: 3.967 | D5: 81 | E5: =D5/C5 -> 20.418452 | F5: Mouse | G5: Fringe | H5: In replay | I5: In replay | J5: https://www.youtube.com/watch?v=llhJyvsmg1c
A6: 19.06.2021 | B6: dphdmn | C6: 4.582 | D6: 119 | E6: =D6/C6 -> 25.971192 | F6: Tablet | G6: Fringe | H6: In replay | I6: In replay | J6: https://www.youtube.com/watch?v=NM1-ZZt5-Mg
A7: 02.06.2021 | B7: dphdmn | C7: 4.642 | D7: 98 | E7: =D7/C7 -> 21.11159 | F7: Tablet | G7: Fringe | H7: In replay | I7: In replay | J7: https://youtu.be/tRBE1vjrDPY
A8: 21.04.2021 | B8: dphdmn | C8: 4.674 | D8: 107 | E8: =D8/C8 -> 22.892597 | F8: Tablet | G8: Fringe | H8: In replay | I8: In replay | J8: https://youtu.be/7HFgA6ljW-k
A9: 06.10.2020 | B9: JZE | C9: 4.735 | D9: 105 | E9: =D9/C9 -> 22.17529 | F9: Mouse | G9: Fringe | H9: In replay | I9: In replay | J9: ...
A10: 21.09.2020 | B10: dphdmn | C10: 5.519 | D10: 133 | E10: 24.098 | F10: Tablet | G10: Fringe | H10: 7 1 20 14 5/17 9 3 2 16/4 0 23 8 18/24 6 12 11 22/21 13 19 15 10 | I10: ... | J10: https://youtu.be/_fPmecvtYz0
A11: 28.08.2020 | B11: dphdmn | C11: 5.523 | D11: 109 | E11: =D11/C11 -> 19.735651 | F11: Tablet | G11: Fringe | H11: 8 24 3 2 5/1 4 19 10 15/16 18 7 6 17/23 11 9 14 22/21 0 13 12 20 | I11: ... | J11: https://youtu.be/rnfTy25kDEI
A12: 20.07.2020 | B12: Dawidluna | C12: 5.683 | D12: 137 | E12: =D12/C12 -> 24.106986 | F12: Mouse | G12: Fringe | H12: ... | I12: ... | J12: https://www.youtube.com/watch?v=kQtKHYpoLsA
A13: 11.07.2020 | B13: vovker | C13: 6.359 | D13: 116 | E13: =D13/C13 -> 18.241862 | F13: Mouse | G13: Fringe | H13: ... | I13: ... | J13: ...
A14: 15.03.2020 | B14: Dawidluna | C14: 6.366 | D14: 125 | E14: =D14/C14 -> 19.635564 | F14: Mouse | G14: Fringe | H14: ... | I14: ... | J14: https://www.youtube.com/watch?v=1VN1LxRVruI
A15: 09.01.2019 | B15: soup | C15: 6.367 | D15: 131 | E15: =D15/C15 -> 20.574839 | F15: Mouse | G15: LBL | H15: ... | I15: ... | J15: ...
A16: 10.09.2015 | B16: ben1996123 | C16: 6.587 | D16: 103 | E16: =D16/C16 -> 15.63686 | F16: Keyboard | G16: Fringe | H16: ... | I16: ... | J16: ...
A17: 19.12.2014 | B17: ben1996123 | C17: 6.991 | D17: 107 | E17: =D17/C17 -> 15.305393 | F17: Keyboard | G17: Fringe | H17: In replay | I17: In replay | J17: https://www.youtube.com/watch?v=gX-jSTjjdRI
A18: 21.08.2014 | B18: ben1996123 | C18: 7.264 | D18: 102 | E18: =D18/C18 -> 14.04185 | F18: Keyboard | G18: Fringe | H18: In replay | I18: In replay | J18: https://www.youtube.com/watch?v=kHzkA_xx-kY
A19: 24.03.2014 | B19: ben1996123 | C19: 7.655 | D19: 114 | E19: =D19/C19 -> 14.892227 | F19: Keyboard | G19: Fringe | H19: In replay | I19: In replay | J19: https://www.youtube.com/watch?v=08PgsNkZVF4
A20: 08.02.2014 | B20: ben1996123 | C20: 8.159 | D20: 114 | E20: =D20/C20 -> 13.972301 | F20: Keyboard | G20: Fringe | H20: In replay | I20: In replay | J20: https://www.youtube.com/watch?v=7YRFU_-KI9A
A21: 22.01.2014 | B21: ben1996123 | C21: 8.407 | D21: 120 | E21: =D21/C21 -> 14.273819 | F21: Keyboard | G21: Fringe | H21: In replay | I21: In replay | J21: https://www.youtube.com/watch?v=oplsNycoEjs
A22: 16.01.2014 | B22: ben1996123 | C22: 8.757 | D22: 126 | E22: =D22/C22 -> 14.388489 | F22: Keyboard | G22: Fringe | H22: In replay | I22: In replay | J22: https://www.youtube.com/watch?v=p8JVS6ytELs
... A24: 14.12.2013 | B24: ben1996123 | C24: 9.695 | D24: 134 | E24: =D24/C24 -> 13.821558 | F24: Keyboard | G24: Fringe | H24: ... | I24: ... | J24: https://www.youtube.com/watch?v=V_p2T5Gt2TM
A25: 09.12.2013 | B25: qqwref | C25: 9.861 | D25: 154 | E25: 15.617 | F25: Mouse | G25: Fringe | H25: ... | I25: ... | J25: ...
A26: <09.12.2013 | B26: ben1996123 | C26: 9.931 | D26: ... | E26: ... | F26: Keyboard | G26: Fringe | H26: ... | I26: ... | J26: ...
A27: 02.11.2013 | B27: ben1996123 | C27: 9.937 | D27: 143 | E27: =D27/C27 -> 14.390661 | F27: Keyboard | G27: Fringe | H27: 10 8 3 0 5/4 1 18 21 2/11 6 17 22 23/15 19 16 7 9/24 12 20 14 13 | I27: ... | J27: https://www.youtube.com/watch?v=3An1FZ67m94

Sheet 5x5 ao5
A1: Date | B1: Name | C1: Time | D1: Movecount | E1: TPS | F1: Control | G1: Style | H1: Solve Data | I1: Video
A2: 19.02.2026 | B2: dphdmn | C2: 4.96 | D2: 155 | E2: 32.32 | F2: Tablet | G2: Fringe | H2: In replay | I2: https://youtu.be/bCLR0kaB9U0
A3: 20.12.2025 | B3: dphdmn | C3: 5.108 | D3: 163 | E3: 31.832 | F3: Tablet | G3: Fringe | H3: In replay | I3: https://youtu.be/128lIOb9RSg
A4: 10.06.2025 | B4: dphdmn | C4: 5.117 | D4: 155 | E4: 29.603 | F4: Tablet | G4: Fringe | H4: In replay | I4: https://youtu.be/gnFYCSS0ICM
A5: 09.04.2025 | B5: dphdmn | C5: 5.21 | D5: 152.666 | E5: 27.917 | F5: Tablet | G5: Fringe | H5: In replay | I5: https://youtu.be/H_cCaOFP0FY
A6: 20.03.2025 | B6: dphdmn | C6: 5.281 | D6: 166.666 | E6: 30.738 | F6: Tablet | G6: Fringe | H6: In replay | I6: https://youtu.be/Ya-ceiCF-nQ
A7: 08.03.2025 | B7: vovker | C7: 5.557 | D7: 151.666 | E7: 26.816 | F7: Mouse | G7: Fringe | H7: In replay | I7: ...
A8: 30.04.2024 | B8: dphdmn | C8: 5.601 | D8: 151.666 | E8: 26.561 | F8: Tablet | G8: Fringe | H8: In replay | I8: https://youtu.be/6yI_7s6dYVs
A9: 20.01.2023 | B9: dphdmn | C9: 5.905 | D9: 135.666 | E9: 24.159 | F9: Tablet | G9: Fringe | H9: In vid desc | I9: https://www.youtube.com/watch?v=KyATdHBUz4U
A10: 20.09.2021 | B10: Dawidluna | C10: 6.208 | D10: 160.666 | E10: 25.361 | F10: Mouse | G10: Fringe | H10: In replay | I10: ...
A11: 09.05.2021 | B11: dphdmn | C11: 6.448 | D11: 154.333 | E11: 24.432 | F11: Tablet | G11: Fringe | H11: In vid desc | I11: https://www.youtube.com/watch?v=qc6Pu51nKTo
A12: 30.04.2021 | B12: dphdmn | C12: 6.608 | D12: 156.333 | E12: 23.684 | F12: Tablet | G12: Fringe | H12: In vid desc | I12: https://www.youtube.com/watch?v=gO6_HPebejo
A13: 15.04.2021 | B13: dphdmn | C13: 6.927 | D13: 160 | E13: 23.189 | F13: Tablet | G13: Fringe | H13: In vid desc | I13: https://www.youtube.com/watch?v=2CkdmU3BbAY
... A17: 08.06.2015 | B17: ben1996123 | C17: 9.795 | D17: 143.333 | E17: 14.228 | F17: Keyboard | G17: Fringe | H17: (9.343), 9.672, (12.761), 10.060, 9.653 | I17: ...

Sheet 5x5 ao12
A1: Date | B1: Name | C1: Time | D1: Movecount | E1: TPS | F1: Control | G1: Style | H1: Solve Data | I1: Video
A2: 20.12.2025 | B2: dphdmn | C2: 5.571 | D2: 170.6 | E2: 30.946 | F2: Tablet | G2: Fringe | H2: In replay | I2: https://youtu.be/128lIOb9RSg
A3: 11.08.2025 | B3: dphdmn | C3: 5.764 | D3: 166.1 | E3: 28.86 | F3: Tablet | G3: Fringe | H3: In replay | I3: https://youtu.be/bSjtHPgosZ0
A4: 02.08.2025 | B4: dphdmn | C4: 5.912 | D4: 171.3 | E4: 29.151 | F4: Tablet | G4: Fringe | H4: In replay | I4: https://youtu.be/271hpEq0dvM
A5: 23.05.2025 | B5: dphdmn | C5: 6.024 | D5: 166 | E5: 27.316 | F5: Tablet | G5: Fringe | H5: In replay | I5: ...
A6: 22.05.2025 | B6: dphdmn | C6: 6.065 | D6: 160.9 | E6: 26.632 | F6: Tablet | G6: Fringe | H6: In replay | I6: ...
A7: 06.04.2025 | B7: dphdmn | C7: 6.089 | D7: 173.9 | E7: 28.207 | F7: Tablet | G7: Fringe | H7: In replay | I7: https://youtu.be/Tx3AWzkuw6I
A8: 23.03.2025 | B8: vovker | C8: 6.154 | D8: 157 | E8: 25.401 | F8: Mouse | G8: Fringe | H8: In replay | I8: ...
A9: 08.03.2025 | B9: dphdmn | C9: 6.169 | D9: 179.1 | E9: 28.922 | F9: Tablet | G9: Fringe | H9: In replay | I9: https://youtu.be/Inc3U93JeN4
A10: 15.01.2025 | B10: vovker | C10: 6.255 | D10: 161.2 | E10: 25.958 | F10: Mouse | G10: Fringe | H10: In replay | I10: ...
A11: 29.10.2024 | B11: vovker | C11: 6.44 | D11: 167 | E11: 25.893 | F11: Mouse | G11: Fringe | H11: ... | I11: ...
A12: 23.10.2024 | B12: vovker | C12: 6.58 | D12: 167.2 | E12: 24.863 | F12: Mouse | G12: Fringe | H12: ... | I12: ...
A13: 20.10.2024 | B13: vovker | C13: 6.697 | D13: 161.7 | E13: 24.195 | F13: Mouse | G13: Fringe | H13: ... | I13: ...
... A40: 08.06.2015 | B40: ben1996123 | C40: 10.724 | D40: 151.5 | E40: 14.156 | F40: Keyboard | G40: Fringe | H40: 11.507, 9.343, 9.672, 12.761, 10.060, 9.653, (8.251), 11.005, 11.169, (13.459), 13.114, 8.965 | I40: ...

Sheet 5x5 ao50
A1: Date | B1: Name | C1: Time | D1: Movecount | E1: TPS | F1: Control | G1: Style | H1: Solve Data | I1: Video
A2: 19.02.2026 | B2: dphdmn | C2: 6.395 | D2: 184.083 | E2: 29.117 | F2: Tablet | G2: Fringe | H2: In replay | I2: https://youtu.be/wM3mM8hWq-4
A3: 02.08.2025 | B3: dphdmn | C3: 6.459 | D3: 181.437 | E3: 28.26 | F3: Tablet | G3: Fringe | H3: In replay | I3: https://youtu.be/271hpEq0dvM
A4: 08.03.2025 | B4: dphdmn | C4: 6.636 | D4: 186.833 | E4: 28.18 | F4: Tablet | G4: Fringe | H4: In replay | I4: https://youtu.be/mQi4xYpKGSo
A5: 19.01.2025 | B5: vovker | C5: 7.007 | D5: 173.27 | E5: 24.738 | F5: Mouse | G5: Fringe | H5: In replay | I5: ...
A6: 15.01.2025 | B6: vovker | C6: 7.141 | D6: 176.187 | E6: 24.772 | F6: Mouse | G6: Fringe | H6: ... | I6: ...
A7: 02.01.2025 | B7: vovker | C7: 7.227 | D7: 180.687 | E7: 25.08 | F7: Mouse | G7: Fringe | H7: ... | I7: ...
A8: 20.10.2024 | B8: vovker | C8: 7.267 | D8: 173.354 | E8: 23.945 | F8: Mouse | G8: Fringe | H8: ... | I8: ...
A9: 30.05.2023 | B9: dphdmn | C9: 7.466 | D9: 182.875 | E9: 24.616 | F9: Tablet | G9: Fringe | H9: https://pastebin.com/raw/GuBaHLHu | I9: https://youtu.be/182YCd3yn38
A10: 01.04.2023 | B10: dphdmn | C10: 7.728 | D10: 181.104 | E10: 23.585 | F10: Tablet | G10: Fringe | H10: https://pastebin.com/raw/ssPmAyBA | I10: https://youtu.be/9y3YObrukxI?t=542
A11: 19.02.2023 | B11: JZE | C11: 7.813 | D11: 184.77 | E11: 23.688 | F11: Mouse | G11: Fringe | H11: ... | I11: ...
A12: 04.02.2023 | B12: dphdmn | C12: 7.943 | D12: 182.687 | E12: 23.236 | F12: Tablet | G12: Fringe | H12: https://pastebin.com/raw/PdgL1dBq | I12: https://www.youtube.com/watch?v=WOCHiZoElrk
A13: 21.08.2022 | B13: dphdmn | C13: 7.987 | D13: 187.27 | E13: 23.598 | F13: Tablet | G13: Fringe | H13: ... | I13: ...
... A26: 08.06.2015 | B26: ben1996123 | C26: 11.58 | D26: 157.145 | E26: 13.608 | F26: Keyboard | G26: Fringe | H26: ... | I26: ...

Sheet 5x5 ao100
A1: Date | B1: Name | C1: Time | D1: Movecount | E1: TPS | F1: Control | G1: Style | H1: Solve Data | I1: Video
A2: 15.02.2026 | B2: dphdmn | C2: 6.633 | D2: 192.051 | E2: 29.233 | F2: Tablet | G2: Fringe | H2: https://raw.githubusercontent.com/dphdmn/mytextfiles/refs/heads/main/slidy/5x5%20ao100%20stuff.txt | I2: https://youtu.be/DVSa8jeVdU8
A3: 02.08.2025 | B3: dphdmn | C3: 6.703 | D3: 186.153 | E3: 27.978 | F3: Tablet | G3: Fringe | H3: https://raw.githubusercontent.com/dphdmn/mytextfiles/refs/heads/main/slidy/5x5%20bad%20wrs%20session.txt | I3: https://youtu.be/271hpEq0dvM
A4: 29.06.2025 | B4: vovker | C4: 6.889 | D4: 182.357 | E4: 26.631 | F4: Mouse | G4: Fringe | H4: In replay | I4: ...
A5: 12.06.2025 | B5: dphdmn | C5: 6.9 | D5: 184.693 | E5: 26.871 | F5: Tablet | G5: Fringe | H5: In replay | I5: ...
A6: 08.03.2025 | B6: dphdmn | C6: 6.907 | D6: 190.704 | E6: 27.817 | F6: Tablet | G6: Fringe | H6: In replay | I6: https://youtu.be/mQi4xYpKGSo
A7: 19.01.2025 | B7: vovker | C7: 7.063 | D7: 175.081 | E7: 24.854 | F7: Mouse | G7: Fringe | H7: In replay | I7: ...
A8: 13.01.2025 | B8: vovker | C8: 7.353 | D8: 188.775 | E8: 25.741 | F8: Mouse | G8: Fringe | H8: https://pastebin.com/raw/KF8vZVU7 | I8: ...
A9: 20.10.2024 | B9: vovker | C9: 7.392 | D9: 176.693 | E9: 23.97 | F9: Mouse | G9: Fringe | H9: ... | I9: ...
A10: 29.09.2024 | B10: vovker | C10: 7.641 | D10: 180.969 | E10: 23.83 | F10: Mouse | G10: Fringe | H10: ... | I10: ...
A11: 30.05.2023 | B11: dphdmn | C11: 7.756 | D11: 186.887 | E11: 24.231 | F11: Tablet | G11: Fringe | H11: https://pastebin.com/raw/Dp4cd9XE | I11: ...
A12: 01.04.2023 | B12: dphdmn | C12: 7.982 | D12: 181.683 | E12: 22.921 | F12: Tablet | G12: Fringe | H12: https://pastebin.com/raw/QNjN2A42 | I12: https://youtu.be/9y3YObrukxI
A13: 04.02.2023 | B13: dphdmn | C13: 8.126 | D13: 186.826 | E13: 23.201 | F13: Tablet | G13: Fringe | H13: ... | I13: ...
... A23: 09.10.2015 | B23: ben1996123 | C23: 12.115 | D23: 164.112 | E23: 13.593 | F23: Keyboard | G23: Fringe | H23: ... | I23: ...

Sheet 5x5 relay
A1: Date | B1: Name | C1: Time | D1: Movecount | E1: TPS | F1: Control | G1: Style | H1: Solve Data | I1: Video
A2: 23.02.2026 | B2: dphdmn | C2: 7.844 | D2: 228 | E2: 29.066 | F2: Tablet | G2: Fringe | H2: In replay | I2: https://youtu.be/1CmYOSm2hwA
A3: 23.02.2026 | B3: dphdmn | C3: 7.957 | D3: 217 | E3: 27.271 | F3: Tablet | G3: Fringe | H3: In replay | I3: ...
A4: 10.03.2025 | B4: dphdmn | C4: 8.075 | D4: 231 | E4: 28.606 | F4: Tablet | G4: Fringe | H4: In replay | I4: https://www.youtube.com/watch?v=gdwTwWyDEs8
A5: 05.03.2025 | B5: vovker | C5: 8.526 | D5: 211 | E5: 24.748 | F5: Mouse | G5: Fringe | H5: In replay | I5: https://www.youtube.com/watch?v=AIl_BnKSwSw
A6: 20.02.2025 | B6: dphdmn | C6: 8.622 | D6: 215 | E6: 24.936 | F6: Tablet | G6: Fringe | H6: In replay | I6: https://www.youtube.com/watch?v=GPEOQyu3Cco
A7: 19.01.2025 | B7: vovker | C7: 8.815 | D7: 212 | E7: 24.05 | F7: Mouse | G7: Fringe | H7: In replay | I7: https://www.youtube.com/watch?v=iNn4sVNDttg
A8: 04.05.2023 | B8: dphdmn | C8: 8.833 | D8: 221 | E8: 25.02 | F8: Tablet | G8: Fringe | H8: In vid desc | I8: https://youtu.be/KzDTCv8AicE
A9: 08.02.2023 | B9: dphdmn | C9: 9.052 | D9: 212 | E9: 23.42 | F9: Tablet | G9: Fringe | H9: In vid desc | I9: https://youtu.be/wUv63ZPl3yg
A10: 06.02.2023 | B10: JZE | C10: 9.257 | D10: 213 | E10: 23.009 | F10: Mouse | G10: Fringe | H10: ... | I10: ...
A11: 23.06.2021 | B11: dphdmn | C11: 9.488 | D11: 216 | E11: 22.765 | F11: Tablet | G11: Fringe | H11: In vid desc | I11: https://youtu.be/D1IbL_bHZ54
A12: 02.06.2021 | B12: dphdmn | C12: 9.734 | D12: 232 | E12: 23.833 | F12: Tablet | G12: Fringe | H12: In vid desc | I12: https://youtu.be/TRJG_lV9r3Y
A13: 21.04.2021 | B13: dphdmn | C13: 10.394 | D13: 236 | E13: 22.705 | F13: Tablet | G13: Fringe | H13: In vid desc | I13: https://youtu.be/7iQ4fc7Y1HA
... A21: 11.04.2019 | B21: gottagitgud | C21: 15.712 | D21: 214 | E21: 13.62 | F21: Keyboard | G21: Fringe | H21: In vid desc | I21: https://youtu.be/oqGt2FPc4Bo
A22: <12.07.2018 | B22: ben1996123 | C22: 15.86x | D22: ... | E22: ... | F22: Keyboard | G22: Fringe | H22: ... | I22: ...
A23: 03.01.2014 | B23: ben1996123 | C23: 18.944 | D23: 252 | E23: 13.302 | F23: Keyboard | G23: Fringe | H23: In vid desc | I23: https://www.youtube.com/watch?v=wjsK5NrzFiw

Sheet 6x6 single
A1: Date | B1: Name | C1: Time | D1: Movecount | E1: TPS | F1: Control | G1: Style | H1: Scramble | I1: Solution | J1: Video
A2: 05.02.2025 | B2: dphdmn | C2: 7.999 | D2: 213 | E2: 26.628 | F2: Tablet | G2: Fringe | H2: In replay | I2: In replay | J2: https://www.youtube.com/watch?v=xW6GQ3zJKXk
A3: 14.02.2024 | B3: JZE | C3: 8.715 | D3: 203 | E3: 23.293 | F3: Mouse | G3: Fringe | H3: In replay | I3: In replay | J3: ...
A4: 44963 | B4: dphdmn | C4: 9.674 | D4: 245 | E4: =D4/C4 -> 25.325615 | F4: Tablet | G4: Fringe | H4: In replay | I4: In replay | J4: https://www.youtube.com/watch?v=aS9gGdpuVnw
A5: 44962 | B5: dphdmn | C5: 9.877 | D5: 215 | E5: =D5/C5 -> 21.767743 | F5: Tablet | G5: Fringe | H5: In replay | I5: In replay | J5: https://www.youtube.com/watch?v=Wtnmpba9x2o
A6: 44962 | B6: JZE | C6: 9.883 | D6: 249 | E6: =D6/C6 -> 25.194779 | F6: Mouse | G6: Fringe | H6: ... | I6: ... | J6: ...
A7: 18.06.2021 | B7: dphdmn | C7: 9.963 | D7: 254 | E7: =D7/C7 -> 25.494329 | F7: Tablet | G7: Fringe | H7: In replay | I7: In replay | J7: https://youtu.be/4rxjs4xSMOQ
A8: 19.04.2021 | B8: dphdmn | C8: 10.974 | D8: 236 | E8: =D8/C8 -> 21.505376 | F8: Tablet | G8: Fringe | H8: ... | I8: ... | J8: https://youtu.be/X72N6qOVFUk
A9: 11.04.2021 | B9: dphdmn | C9: 11.982 | D9: 271 | E9: =D9/C9 -> 22.617259 | F9: Tablet | G9: Fringe | H9: In replay | I9: In replay | J9: https://youtu.be/5NnG_PQZZwI
A10: 25.03.2021 | B10: dphdmn | C10: 12.285 | D10: 236 | E10: =D10/C10 -> 19.210419 | F10: Tablet | G10: Fringe | H10: 15 13 18 28 20 6/27 7 1 2 10 29/4 26 0 5 9 16/32 3 12 8 17 14/19 34 25 30 11 23/35 33 31 22 24 21 | I10: ... | J10: https://youtu.be/KFoTXTmerew
A11: 25.03.2021 | B11: dphdmn | C11: 12.464 | D11: 274 | E11: 21.983 | F11: Tablet | G11: Fringe | H11: ... | I11: ... | J11: https://www.youtube.com/watch?v=dsDaoGSA2z8
A12: 11.03.2021 | B12: dphdmn | C12: 12.484 | D12: 263 | E12: =D12/C12 -> 21.066966 | F12: Tablet | G12: Fringe | H12: In replay | I12: In replay | J12: https://youtu.be/MMvuo2LxLKs
A13: 12.10.2020 | B13: dphdmn | C13: 12.713 | D13: 253 | E13: =D13/C13 -> 19.900889 | F13: Tablet | G13: Fringe | H13: In replay | I13: In replay | J13: https://youtu.be/iaFjKWEiCW4
A14: 26.07.2020 | B14: Dawidluna | C14: 13.762 | D14: 272 | E14: 19.764 | F14: Mouse | G14: Fringe | H14: ... | I14: ... | J14: ...
A15: 11.06.2020 | B15: Dawidluna | C15: 14.617 | D15: 276 | E15: =D15/C15 -> 18.882124 | F15: Mouse | G15: Fringe | H15: ... | I15: ... | J15: https://www.youtube.com/watch?v=_hVNw8RctLA
A16: 15.03.2020 | B16: Dawidluna | C16: 15.484 | D16: 312 | E16: =D16/C16 -> 20.149832 | F16: Mouse | G16: Fringe | H16: ... | I16: ... | J16: https://www.youtube.com/watch?v=jK_sXPT3kFc
A17: 21.04.2018 | B17: ben1996123 | C17: 15.489 | D17: 217 | E17: =D17/C17 -> 14.009943 | F17: Keyboard | G17: Fringe | H17: ... | I17: ... | J17: https://www.youtube.com/watch?v=vSCyYN1PN_s
A18: ??? | B18: ben1996123 | C18: 15.895 | D18: ??? | E18: ??? | F18: Keyboard | G18: Fringe | J18: ???
A19: 16.02.2014 | B19: ben1996123 | C19: 18.455 | D19: 254 | E19: =D19/C19 -> 13.763208 | F19: Keyboard | G19: Fringe | H19: In replay | I19: In replay | J19: https://www.youtube.com/watch?v=dTSSV7_7z48
A20: 18.12.2013 | B20: ben1996123 | C20: 19.399 | D20: 262 | E20: =D20/C20 -> 13.505851 | F20: Keyboard | G20: Fringe | H20: ... | I20: ... | J20: https://www.youtube.com/watch?v=QibIWeCc1tM

Sheet 6x6 ao5
A1: Date | B1: Name | C1: Time | D1: Movecount | E1: TPS | F1: Control | G1: Style | H1: Solve Data | I1: Video
A2: 21.02.2026 | B2: dphdmn | C2: 10.84 | D2: 287 | E2: 26.867 | F2: Tablet | G2: Fringe | H2: In replay | I2: https://youtu.be/qHy05qZu2pc
A3: 29.08.2025 | B3: dphdmn | C3: 10.993 | D3: 309 | E3: 27.684 | F3: Tablet | G3: Fringe | H3: In replay | I3: https://youtu.be/fMi3cQj-D2E
A4: 08.06.2025 | B4: vovker | C4: 11.134 | D4: 326 | E4: 29.037 | F4: Mouse | G4: 3x6 Grids | H4: In replay | I4: https://www.youtube.com/watch?v=NYpFHl4Y49I
A5: 23.03.2025 | B5: vovker | C5: 11.513 | D5: 294.333 | E5: 25.254 | F5: Mouse | G5: Fringe | H5: In replay | I5: ...
A6: 17.01.2025 | B6: vovker | C6: 11.683 | D6: 287.333 | E6: 24.936 | F6: Mouse | G6: Fringe | H6: In replay | I6: ...
A7: 23.10.2024 | B7: vovker | C7: 12.221 | D7: 312 | E7: 24.998 | F7: Mouse | G7: Fringe | H7: ... | I7: ...
A8: 06.05.2024 | B8: dphdmn | C8: 12.744 | D8: 299.666 | E8: 23.884 | F8: Tablet | G8: Fringe | H8: In replay | I8: https://youtu.be/JM756e6RnoI?t=2215
A9: 31.03.2023 | B9: dphdmn | C9: 12.922 | D9: 295.333 | E9: 23.046 | F9: Tablet | G9: Fringe | H9: https://pastebin.com/raw/RYnCJLT1 | I9: https://youtu.be/I0BXaVeSWGk?t=626
A10: 23.08.2022 | B10: dphdmn | C10: 13.201 | D10: 303 | E10: 23.093 | F10: Tablet | G10: Fringe | H10: https://pastebin.com/raw/ipp8Dz8C | I10: https://youtu.be/-3SFghOoa3k
A11: 11.07.2022 | B11: JZE | C11: 13.498 | D11: 310.333 | E11: 22.911 | F11: Mouse | G11: Fringe | H11: ... | I11: ...
A12: 14.05.2021 | B12: dphdmn | C12: 13.923 | D12: 311.333 | E12: 22.365 | F12: Tablet | G12: Fringe | H12: In vid desc | I12: https://youtu.be/7lOyXfCl8A0
A13: 18.04.2021 | B13: dphdmn | C13: 14.7 | D13: 315.666 | E13: 22.031 | F13: Tablet | G13: Fringe | H13: In vid desc | I13: https://youtu.be/fq-YT0hVtmc
... A18: 01.08.2020 | B18: Dawidluna | C18: 17.479 | D18: 344.333 | E18: 19.605 | F18: Mouse | G18: Fringe | H18: ... | I18: ...
A19: 22.07.2020 | B19: soup | C19: 18.024 | D19: ... | E19: ... | F19: Mouse | G19: LBL | H19: ... | I19: ...
A20: 22.07.2020 | B20: soup | C20: 18.732 | D20: ... | E20: ... | F20: Mouse | G20: LBL | H20: ... | I20: ...
A21: 22.07.2020 | B21: Dawidluna | C21: 18.777 | D21: ... | E21: ... | F21: Mouse | G21: Fringe | H21: ... | I21: ...
A22: 16.03.2020 | B22: Dawidluna | C22: 19.569 | D22: 376.666 | E22: 19.072 | F22: Mouse | G22: Fringe | H22: ... | I22: ...
A23: 27.04.2018 | B23: soup | C23: 20.017 | D23: 393.333 | E23: 19.385 | F23: Mouse | G23: LBL | H23: ... | I23: ...
A24: 30.10.2015 | B24: ben1996123 | C24: 20.333 | D24: 258 | E24: 12.725 | F24: Keyboard | G24: Fringe | H24: 18.231, (17.758), 19.748, (24.955), 23.021 | I24: ...

Sheet 6x6 ao12
A1: Date | B1: Name | C1: Time | D1: Movecount | E1: TPS | F1: Control | G1: Style | H1: Solve Data | I1: Video
A2: 29.08.2025 | B2: dphdmn | C2: 11.816 | D2: 330.5 | E2: 27.887 | F2: Tablet | G2: Fringe | H2: In replay | I2: https://www.youtube.com/watch?v=k-J0XsP4MAE
A3: 23.06.2025 | B3: vovker | C3: 12.191 | D3: 339.6 | E3: 27.83 | F3: Mouse | G3: 3x6 Grids | H3: In replay | I3: https://youtu.be/AHvbqO4G4v0
A4: 01.04.2025 | B4: dphdmn | C4: 12.389 | D4: 333.6 | E4: 26.654 | F4: Tablet | G4: Fringe | H4: In replay | I4: https://youtu.be/OgHAVbQ2HuM
A5: 16.03.2025 | B5: vovker | C5: 12.497 | D5: 327.3 | E5: 26.085 | F5: Mouse | G5: Fringe | H5: In replay | I5: ...
A6: 18.01.2025 | B6: vovker | C6: 12.624 | D6: 318.5 | E6: 25.261 | F6: Mouse | G6: Fringe | H6: In replay | I6: ...
A7: 13.01.2025 | B7: vovker | C7: 12.945 | D7: 330.5 | E7: 25.729 | F7: Mouse | G7: Fringe | H7: ... | I7: ...
A8: 04.11.2024 | B8: vovker | C8: 13.17 | D8: 321.4 | E8: 24.269 | F8: Mouse | G8: Fringe | H8: ... | I8: ...
A9: 14.02.2024 | B9: JZE | C9: 13.429 | D9: 324.5 | E9: 24.09 | F9: Mouse | G9: Fringe | H9: ... | I9: ...
A10: 22.10.2023 | B10: dphdmn | C10: 14.342 | D10: 345.2 | E10: 23.672 | F10: Tablet | G10: Fringe | H10: https://pastebin.com/raw/hMxN86w0 | I10: https://youtu.be/dskCwFNuX2M?t=142
A11: 11.07.2022 | B11: JZE | C11: 14.51 | D11: 329.9 | E11: 22.509 | F11: Mouse | G11: Fringe | H11: ... | I11: ...
A12: 14.05.2021 | B12: dphdmn | C12: 15.042 | D12: 331.7 | E12: 22.16 | F12: Tablet | G12: Fringe | H12: https://pastebin.com/raw/6Y0Sv7pi | I12: https://youtu.be/ko0xm5-UoRs
A13: 30.04.2021 | B13: dphdmn | C13: 15.702 | D13: 342.8 | E13: 21.955 | F13: Tablet | G13: Fringe | H13: https://pastebin.com/raw/McgvKYnA | I13: https://youtu.be/vw4tumev_-U
... A20: 09.01.2016 | B20: ben1996123 | C20: 21.61 | D20: 292.5 | E20: 13.539 | F20: Keyboard | G20: Fringe | H20: 24.994, 20.470, 20.703, 23.736, 22.381, 21.215, (18.687), (27.888), 23.630, 20.162, 19.251, 19.560 | I20: ...

Sheet 6x6 relay
A1: Date | B1: Name | C1: Time | D1: Movecount | E1: TPS | F1: Control | G1: Style | H1: Solve Data | I1: Video
A2: 23.02.2026 | B2: dphdmn | C2: 18.816 | D2: 547 | E2: 29.071 | F2: Tablet | G2: Fringe | H2: In replay | I2: https://youtu.be/YQDmKY_xpY0
A3: 16.02.2026 | B3: dphdmn | C3: 19.177 | D3: 512 | E3: 26.699 | F3: Tablet | G3: Fringe | H3: In replay | I3: https://youtu.be/_sViH-WpF3M
A4: 30.01.2025 | B4: vovker | C4: 19.471 | D4: 452 | E4: 23.214 | F4: Mouse | G4: Fringe | H4: In replay | I4: https://www.youtube.com/watch?v=mS9gW_ZmU24
A5: 26.01.2025 | B5: dphdmn | C5: 20.894 | D5: 525 | E5: 25.126 | F5: Tablet | G5: Fringe | H5: In replay | I5: https://www.youtube.com/watch?v=pdJ7Yc5UxuY
A6: 15.01.2025 | B6: vovker | C6: 21.549 | D6: 535 | E6: 24.827 | F6: Mouse | G6: Fringe | H6: https://pastebin.com/raw/tGhyfR21 | I6: ...
A7: 14.10.2024 | B7: vovker | C7: 21.674 | D7: 540 | E7: 24.914 | F7: Mouse | G7: Fringe | H7: In vid desc | I7: https://www.youtube.com/watch?v=GA-OZsJVcO4
A8: 03.06.2023 | B8: dphdmn | C8: 22.65 | D8: 561 | E8: 24.768 | F8: Tablet | G8: Fringe | H8: https://pastebin.com/raw/jn676JeT | I8: https://www.youtube.com/watch?v=1361A82j19I
A9: 26.08.2022 | B9: dphdmn | C9: 23.024 | D9: 508 | E9: 22.063 | F9: Tablet | G9: Fringe | H9: In vid desc | I9: https://youtu.be/UXhPpilX8Rw
A10: 20.06.2022 | B10: vovker | C10: 24.023 | D10: 492 | E10: 20.48 | F10: Mouse | G10: Fringe | H10: https://pastebin.com/raw/XzWQFyUm | I10: ...
A11: 25.05.2021 | B11: dphdmn | C11: 24.473 | D11: 551 | E11: 22.514 | F11: Tablet | G11: Fringe | H11: In vid desc | I11: https://youtu.be/sZpPjQJ3rTk
A12: 19.04.2021 | B12: dphdmn | C12: 26.059 | D12: 537 | E12: 20.607 | F12: Tablet | G12: Fringe | H12: In vid desc | I12: https://youtu.be/oa99IH9Gprw
A13: 16.03.2021 | B13: dphdmn | C13: 27.271 | D13: 565 | E13: 20.717 | F13: Tablet | G13: Fringe | H13: In vid desc | I13: https://youtu.be/Jh0Y6d4_CQk
... A24: 16.02.2014 | B24: ben1996123 | C24: 40.342 | D24: 535 | E24: 13.261 | F24: Keyboard | G24: Fringe | H24: In vid desc | I24: https://youtu.be/dTSSV7_7z48

Sheet 7x7 single
A1: Date | B1: Name | C1: Time | D1: Movecount | E1: TPS | F1: Control | G1: Style | H1: Scramble | I1: Solution | J1: Video
A2: 13.03.2025 | B2: vovker | C2: 14.95 | D2: 425 | E2: 28.428 | F2: Mouse | G2: 4x7 Grids | J2: https://www.youtube.com/watch?v=TT_5MON0fhI
A3: 05.03.2025 | B3: vovker | C3: 15.601 | D3: 426 | E3: 27.306 | F3: Mouse | G3: 4x7 Grids | J3: https://youtu.be/XkiInjGU_vE
A4: 05.03.2025 | B4: vovker | C4: 15.953 | D4: 479 | E4: 30.026 | F4: Mouse | G4: 4x7 Grids | J4: https://www.youtube.com/watch?v=FeLzfdCEdok
A5: 19.02.2025 | B5: vovker | C5: 15.983 | D5: 452 | E5: 28.28 | F5: Mouse | G5: 4x7 Grids | H5: In replay | I5: In replay | J5: https://www.youtube.com/watch?v=75GgCKrQr3U
A6: 05.02.2025 | B6: vovker | C6: 16.225 | D6: 455 | E6: 28.043 | F6: Mouse | G6: 4x7 Grids | H6: In replay | I6: In replay | J6: https://www.youtube.com/watch?v=JMmjnucuSI0
A7: 23.01.2025 | B7: vovker | C7: 16.441 | D7: 443 | E7: 26.944 | F7: Mouse | G7: 4x7 Grids | H7: In replay | I7: In replay | J7: https://youtu.be/2lg1GIrjwF8
A8: 19.01.2025 | B8: vovker | C8: 16.782 | D8: 511 | E8: 30.449 | F8: Mouse | G8: 4x7 Grids | H8: In replay | I8: In replay | J8: https://youtu.be/LI2CieSYv1Q
A9: 29.10.2024 | B9: vovker | C9: 16.86 | D9: 454 | E9: 26.927 | F9: Mouse | G9: 4x7 Grids | H9: In replay | I9: In replay | J9: ...
A10: 26.10.2024 | B10: vovker | C10: 17.331 | D10: 470 | E10: 27.119 | F10: Mouse | G10: 4x7 Grids | H10: In replay | I10: In replay | J10: ...
A11: 03.06.2023 | B11: JZE | C11: 17.804 | D11: 436 | E11: =D11/C11 -> 24.488879 | F11: Mouse | G11: Fringe | H11: In replay | I11: In replay | J11: ...
A12: 27.08.2022 | B12: vovker | C12: 18.943 | D12: 477 | E12: =D12/C12 -> 25.180806 | F12: Mouse | G12: 4x7 Grids | H12: In replay | I12: In replay | J12: https://www.youtube.com/watch?v=VLn-5Srl5fM
A13: 21.04.2022 | B13: vovker | C13: 20.279 | D13: 457 | E13: =D13/C13 -> 22.535628 | F13: Mouse | G13: 4x7 Grids | H13: In replay | I13: In replay | J13: https://www.youtube.com/watch?v=x-Mwmi6aKYA
A14: 14.05.2021 | B14: dphdmn | C14: 20.466 | D14: 478 | E14: =D14/C14 -> 23.35581 | F14: Tablet | G14: Fringe | H14: In replay | I14: In replay | J14: https://youtu.be/TvsZ2a9dcFI
A15: 01.05.2021 | B15: dphdmn | C15: 22.28 | D15: 469 | E15: =D15/C15 -> 21.050269 | F15: Tablet | G15: Fringe | H15: ... | I15: ... | J15: https://youtu.be/csPSjsZnQHM
A16: 13.04.2021 | B16: dphdmn | C16: 22.408 | D16: 431 | E16: =D16/C16 -> 19.234202 | F16: Tablet | G16: Fringe | H16: ... | I16: ... | J16: https://youtu.be/6EE_2mGQFTk
A17: 06.04.2021 | B17: dphdmn | C17: 23.663 | D17: 530 | E17: =D17/C17 -> 22.397836 | F17: Tablet | G17: Fringe | H17: In replay | I17: In replay | J17: https://youtu.be/Y_NDqhz6lyI
A18: 21.02.2021 | B18: dphdmn | C18: 23.749 | D18: 487 | E18: =D18/C18 -> 20.506127 | F18: Tablet | G18: 4x7 Grids | H18: ... | I18: ... | J18: https://youtu.be/GULQyAmoEt8
A19: 07.11.2020 | B19: Dawidluna | C19: 24.279 | D19: 461 | E19: 18.987 | F19: Mouse | G19: ... | H19: ... | I19: ... | J19: ...
A20: 25.10.2020 | B20: vovker | C20: 24.391 | D20: 460 | E20: 18.859 | F20: Mouse | G20: ... | H20: ... | I20: ... | J20: ...
A21: 21.10.2020 | B21: dphdmn | C21: 25.493 | D21: 511 | E21: =D21/C21 -> 20.044718 | F21: Tablet | G21: Fringe | H21: In replay | I21: In replay | J21: https://youtu.be/lr5--sSBoG4
A22: 09.08.2020 | B22: soup | C22: 25.997 | D22: 604 | E22: 23.233 | F22: Mouse | G22: LBL | H22: ... | I22: ... | J22: ...
A23: 21.07.2020 | B23: Dawidluna | C23: 26.274 | D23: 532 | E23: =D23/C23 -> 20.248154 | F23: Mouse | G23: Fringe | H23: ... | I23: ... | J23: https://www.youtube.com/watch?v=EK_asdh6luE
A24: 21.07.2020 | B24: soup | C24: 28.774 | D24: 671 | E24: 23.901 | F24: Mouse | G24: LBL | H24: ... | I24: ... | J24: ...
A25: 11.06.2020 | B25: Dawidluna | C25: 29.437 | D25: 543 | E25: =D25/C25 -> 18.446173 | F25: Mouse | G25: Fringe | H25: ... | I25: ... | J25: https://www.youtube.com/watch?v=csbMztEz_n0
A26: 12.03.2020 | B26: Dawidluna | C26: 30.109 | D26: 575 | E26: =D26/C26 -> 19.09728 | F26: Mouse | G26: Fringe | H26: ... | I26: ... | J26: https://www.youtube.com/watch?v=CSb4GPX3uCs
A27: 21.01.2019 | B27: ben1996123 | C27: 30.117 | D27: 542 | E27: =D27/C27 -> 17.99648 | F27: Keyboard | G27: 4x4 Grids | H27: In replay | I27: In replay | J27: ...
A28: 07.10.2016 | B28: ben1996123 | C28: 30.587 | D28: 591 | E28: 19.321 | F28: Keyboard | G28: 4x4 Grids | J28: ...
A29: 13.01.2015 | B29: ben1996123 | C29: 30.7 | D29: 385 | E29: =D29/C29 -> 12.540717 | F29: Keyboard | G29: Fringe | H29: In replay | I29: In replay | J29: https://www.youtube.com/watch?v=J3Yh_08VqWE
A30: <06.2014 | B30: qqwref | C30: 34.268 | D30: ... | E30: ... | F30: Mouse | G30: ... | H30: ... | I30: ... | J30: ...
A31: 04.01.2014 | B31: ben1996123 | C31: 38.903 | D31: 501 | E31: =D31/C31 -> 12.878184 | F31: Keyboard | G31: Fringe | H31: ... | I31: ... | J31: https://www.youtube.com/watch?v=-6zq9ELUcDU

Sheet 7x7 ao5
A1: Date | B1: Name | C1: Time | D1: Movecount | E1: TPS | F1: Control | G1: Style | H1: Solve Data | I1: Video
A2: 07.09.2025 | B2: vovker | C2: 18.456 | D2: 521 | E2: 27.851 | F2: Mouse | G2: 4x7 Grids | H2: In replay | I2: https://www.youtube.com/watch?v=5HoHxkoFJpQ
A3: 31.08.2025 | B3: vovker | C3: 18.654 | D3: 536.666 | E3: 28.948 | F3: Mouse | G3: 4x7 Grids | H3: In replay | I3: ...
A4: 31.08.2025 | B4: vovker | C4: 19.243 | D4: 550.666 | E4: 28.57 | F4: Mouse | G4: 4x7 Grids | H4: In replay | I4: ...
A5: 31.08.2025 | B5: vovker | C5: 19.386 | D5: 567 | E5: 28.97 | F5: Mouse | G5: 4x7 Grids | H5: In replay | I5: ...
A6: 30.08.2025 | B6: vovker | C6: 19.464 | D6: 538.333 | E6: 27.739 | F6: Mouse | G6: 4x7 Grids | H6: In replay | I6: ...
A7: 12.06.2025 | B7: vovker | C7: 19.572 | D7: 583.666 | E7: 29.19 | F7: Mouse | G7: 4x7 Grids | H7: In replay | I7: https://youtu.be/SKbI4baBRH4
A8: 26.05.2025 | B8: vovker | C8: 19.724 | D8: 568 | E8: 28.992 | F8: Mouse | G8: 4x7 Grids | H8: In replay | I8: https://youtu.be/g1CJqjkq6AE
A9: 05.03.2025 | B9: vovker | C9: 19.735 | D9: 572.333 | E9: 28.705 | F9: Mouse | G9: 4x7 Grids | H9: In replay | I9: https://www.youtube.com/watch?v=FeLzfdCEdok
A10: 26.01.2025 | B10: vovker | C10: 20.353 | D10: 552 | E10: 27.119 | F10: Mouse | G10: 4x7 Grids | H10: In replay | I10: ...
A11: 23.01.2025 | B11: vovker | C11: 20.692 | D11: 589.666 | E11: 28.232 | F11: Mouse | G11: 4x7 Grids | H11: ... | I11: ...
A12: 23.01.2025 | B12: vovker | C12: 20.826 | D12: 559.666 | E12: 26.09 | F12: Mouse | G12: 4x7 Grids | H12: ... | I12: ...
A13: 01.11.2024 | B13: vovker | C13: 20.876 | D13: 549.333 | E13: 26.087 | F13: Mouse | G13: 4x7 Grids | H13: ... | I13: ...
... A35: 15.10.2015 | B35: ben1996123 | C35: 37.412 | D35: 495.666 | E35: 13.135 | F35: Keyboard | G35: ... | H35: ... | I35: ...

Sheet 7x7 ao12
A1: Date | B1: Name | C1: Time | D1: Movecount | E1: TPS | F1: Control | G1: Style | H1: Solve Data | I1: Video
A2: 31.08.2025 | B2: vovker | C2: 19.654 | D2: 573.6 | E2: 29.073 | F2: Mouse | G2: 4x7 Grids | H2: In replay | I2: ...
A3: 31.08.2025 | B3: vovker | C3: 19.847 | D3: 575.7 | E3: 28.68 | F3: Mouse | G3: 4x7 Grids | H3: In replay | I3: ...
A4: 31.08.2025 | B4: vovker | C4: 20.138 | D4: 574.4 | E4: 28.523 | F4: Mouse | G4: 4x7 Grids | H4: In replay | I4: ...
A5: 25.06.2025 | B5: vovker | C5: 20.246 | D5: 583.1 | E5: 28.673 | F5: Mouse | G5: 4x7 Grids | H5: In replay | I5: ...
A6: 12.06.2025 | B6: vovker | C6: 20.471 | D6: 580.1 | E6: 28.3 | F6: Mouse | G6: 4x7 Grids | H6: In replay | I6: ...
A7: 12.06.2025 | B7: vovker | C7: 20.545 | D7: 569.6 | E7: 27.709 | F7: Mouse | G7: 4x7 Grids | H7: In replay | I7: ...
A8: 12.06.2025 | B8: vovker | C8: 20.551 | D8: 594.7 | E8: 28.907 | F8: Mouse | G8: 4x7 Grids | H8: In replay | I8: https://youtu.be/SKbI4baBRH4
A9: 12.06.2025 | B9: vovker | C9: 20.716 | D9: 590.6 | E9: 28.659 | F9: Mouse | G9: 4x7 Grids | H9: In replay | I9: ...
A10: 01.02.2025 | B10: vovker | C10: 20.879 | D10: 567.8 | E10: 27.143 | F10: Mouse | G10: 4x7 Grids | H10: In replay | I10: ...
A11: 19.01.2025 | B11: vovker | C11: 21.393 | D11: 573.3 | E11: 26.821 | F11: Mouse | G11: 4x7 Grids | H11: https://pastebin.com/raw/U3avRhSQ | I11: ...
A12: 12.01.2025 | B12: vovker | C12: 21.707 | D12: 583.3 | E12: 26.805 | F12: Mouse | G12: 4x7 Grids | H12: ... | I12: ...
A13: 25.10.2024 | B13: vovker | C13: 22.484 | D13: 590.5 | E13: 26.097 | F13: Mouse | G13: 4x7 Grids | H13: ... | I13: ...
... A30: 21.09.2016 | B30: soup | C30: 37.351 | D30: 698.2 | E30: 18.635 | F30: Mouse | G30: LBL | H30: ... | I30: ...
A31: <2014 | B31: qqwref | C31: 39 | D31: ... | E31: ... | F31: Mouse | G31: ... | H31: ... | I31: ...

Sheet 7x7 relay
A1: Date | B1: Name | C1: Time | D1: Movecount | E1: TPS | F1: Control | G1: Style | H1: Solve Data | I1: Video
A2: 15.03.2025 | B2: vovker | C2: 37.648 | D2: 997 | E2: 26.482 | F2: Mouse | G2: 4x7 Grids | H2: In replay | I2: https://www.youtube.com/watch?v=UWob2QQ7hgs
A3: 13.03.2025 | B3: vovker | C3: 40.894 | D3: 996 | E3: 24.356 | F3: Mouse | G3: 4x7 Grids | H3: In replay | I3: https://www.youtube.com/watch?v=_IbZs24h2AE
A4: 08.03.2025 | B4: vovker | C4: 41.485 | D4: 1126 | E4: 27.142 | F4: Mouse | G4: 4x7 Grids | H4: In replay | I4: ...
A5: 27.02.2025 | B5: vovker | C5: 42.182 | D5: 1106 | E5: 26.22 | F5: Mouse | G5: 4x7 Grids | H5: In replay | I5: https://youtu.be/8b4nxKkx-xM
A6: 29.10.2024 | B6: vovker | C6: 43.575 | D6: 1058 | E6: 24.28 | F6: Mouse | G6: 4x7 Grids | H6: https://pastebin.com/raw/aWTN1Kb4 | I6: ...
A7: 21.09.2024 | B7: vovker | C7: 46.73 | D7: 1013 | E7: 21.677 | F7: Mouse | G7: 4x7 Grids | H7: ... | I7: ...
A8: 24.05.2023 | B8: dphdmn | C8: 47.7 | D8: 1125 | E8: 23.585 | F8: Tablet | G8: Fringe | H8: In vid desc | I8: https://www.youtube.com/watch?v=1mslWRluTPA
A9: 25.02.2023 | B9: JZE | C9: 47.854 | D9: 1108 | E9: 23.153 | F9: Mouse | G9: Fringe | H9: https://pastebin.com/raw/CwkhM5Dq | I9: ...
A10: 29.08.2022 | B10: dphdmn | C10: 49.783 | D10: 1094 | E10: 21.975 | F10: Tablet | G10: Fringe | H10: https://pastebin.com/raw/QdeVuEYL | I10: https://youtu.be/oxysTzKVLiY
A11: 26.08.2022 | B11: dphdmn | C11: 50.864 | D11: 1034 | E11: 20.328 | F11: Tablet | G11: Fringe | H11: https://pastebin.com/raw/J8Hh02Sd | I11: ...
A12: 07.08.2022 | B12: vovker | C12: 51.247 | D12: 1102 | E12: 21.503 | F12: Mouse | G12: 4x7 Grids | H12: https://pastebin.com/raw/9Qyt976H | I12: ...
A13: 24.06.2021 | B13: dphdmn | C13: 51.336 | D13: 1134 | E13: 22.089 | F13: Tablet | G13: Fringe | H13: In vid desc | I13: https://youtu.be/JI59xU8tKio
... A24: 28.10.2020 | B24: soup | C24: 65.187 | D24: 1369 | E24: 21.001 | F24: Mouse | G24: LBL | H24: ... | I24: ...
A25: 26.10.2020 | B25: soup | C25: 65.823 | D25: ... | E25: ... | F25: Mouse | G25: LBL | H25: ... | I25: ...
A26: 25.10.2020 | B26: dphdmn | C26: 68.448 | D26: 1335 | E26: 19.503 | F26: Tablet | G26: 4x7 Grids | H26: https://raw.githubusercontent.com/dphdmn/dphtrashcan/refs/heads/main/more%207x7%20realys%20arstarst | I26: ...
A27: 25.07.2020 | B27: soup | C27: 69.845 | D27: 1373 | E27: 19.657 | F27: Mouse | G27: LBL | H27: https://pastebin.com/raw/wG1H0kKk | I27: ...
A28: 23.03.2020 | B28: Dawidluna | C28: 73.823 | D28: 1303 | E28: 17.65 | F28: Mouse | G28: ... | H28: ... | I28: ...
A29: 21.01.2020 | B29: Dawidluna | C29: 79.769 | D29: 1315 | E29: 16.485 | F29: Mouse | G29: Fringe | H29: In vid desc | I29: https://www.youtube.com/watch?v=7hI-tmy2ii8
A30: 16.01.2015 | B30: ben1996123 | C30: 82.629 | D30: 1032 | E30: 12.489 | F30: Keyboard | G30: ... | H30: ... | I30: ...
A31: 22.10.2013 | B31: ben1996123 | C31: 117.328 | D31: 1311 | E31: 11.174 | F31: Keyboard | G31: Fringe | H31: In vid desc | I31: https://www.youtube.com/watch?v=yy9w0JeY84M

Sheet 8x8 single
A1: Date | B1: Name | C1: Time | D1: Movecount | E1: TPS | F1: Control | G1: Style | H1: Scramble | I1: Solution | J1: Video
A2: 22.03.2026 | B2: dphdmn | C2: 23.564 | D2: 707 | E2: 30.003 | F2: Tablet | G2: 4x8 Grids | J2: https://youtu.be/xKtyUbY2DOI
A3: 08.09.2025 | B3: vovker | C3: 23.824 | D3: 748 | E3: 31.397 | F3: Mouse | G3: 4x8 Grids | J3: https://youtu.be/NhADS4q5S2c
A4: 23.03.2025 | B4: vovker | C4: 24.09 | D4: 724 | E4: 30.054 | F4: Mouse | G4: 4x8 Grids | J4: https://www.youtube.com/watch?v=tKolBr16YyY
A5: 23.03.2025 | B5: vovker | C5: 25.26 | D5: 744 | E5: 29.453 | F5: Mouse | G5: 4x8 Grids | J5: ...
A6: 01.03.2025 | B6: tnum10 | C6: 25.374 | D6: 844 | E6: 33.262 | F6: Mouse | G6: 4x8 Grids | J6: ...
A7: 12.01.2025 | B7: vovker | C7: 25.83 | D7: 720 | E7: 27.875 | F7: Mouse | G7: 4x8 Grids | H7: In replay | I7: In replay | J7: https://www.youtube.com/watch?v=XERDEy221PA
A8: 12.01.2025 | B8: vovker | C8: 27.573 | D8: 815 | E8: 29.557 | F8: Mouse | G8: 4x8 Grids | H8: In replay | I8: In replay | J8: ...
A9: 05.11.2024 | B9: vovker | C9: 27.784 | D9: 806 | E9: 29.009 | F9: Mouse | G9: 4x8 Grids | H9: In replay | I9: In replay | J9: ...
A10: 28.10.2024 | B10: vovker | C10: 27.804 | D10: 755 | E10: 27.154 | F10: Mouse | G10: 4x8 Grids | H10: In replay | I10: In replay | J10: ...
A11: 19.09.2024 | B11: Daanbe | C11: 28.054 | D11: 679 | E11: 24.203 | F11: Mouse | G11: 4x8 Grids | H11: In replay | I11: In replay | J11: ...
A12: 20.05.2023 | B12: dphdmn | C12: 28.762 | D12: 656 | E12: 22.807 | F12: Tablet | G12: 4x8 Grids | H12: In replay | I12: In replay | J12: https://www.youtube.com/watch?v=53nCipdr4dE
A13: 04.04.2023 | B13: dphdmn | C13: 31.589 | D13: 760 | E13: 24.059 | F13: Tablet | G13: 4x8 Grids | H13: In replay | I13: In replay | J13: https://www.youtube.com/watch?v=w_Tr7RNWoJo
A14: 17.02.2023 | B14: dphdmn | C14: 31.815 | D14: 722 | E14: =D14/C14 -> 22.693698 | F14: Tablet | G14: 4x8 Grids | H14: In replay | I14: In replay | J14: https://www.youtube.com/watch?v=odLemGTIud8
A15: 12.01.2022 | B15: Dawidluna | C15: 31.888 | D15: 761 | E15: =D15/C15 -> 23.864777 | F15: Mouse | G15: 4x4 Grids | H15: In replay | I15: In replay | J15: https://www.youtube.com/watch?v=ZzYKuYh4ez0
A16: 18.09.2021 | B16: Dawidluna | C16: 34.006 | D16: 780 | E16: 22.937 | F16: Mouse | G16: 4x4 Grids | H16: ... | I16: ... | J16: ...
A17: 14.05.2021 | B17: dphdmn | C17: 34.344 | D17: 805 | E17: =D17/C17 -> 23.43932 | F17: Tablet | G17: 8x4/4x4 Grids | H17: In replay | I17: In replay | J17: https://youtu.be/KriBuj8MWmA
A18: 21.04.2021 | B18: dphdmn | C18: 36.092 | D18: 820 | E18: =D18/C18 -> 22.719716 | F18: Tablet | G18: 8x4/4x4 Grids | H18: In replay | I18: In replay | J18: https://youtu.be/h2SaGGkBqb4
A19: 18.04.2021 | B19: dphdmn | C19: 37.794 | D19: 816 | E19: =D19/C19 -> 21.590729 | F19: Tablet | G19: 8x4/4x4 Grids | H19: ... | I19: ... | J19: https://youtu.be/sdYCVLaMovk
A20: 11.03.2021 | B20: dphdmn | C20: 37.934 | D20: 869 | E20: =D20/C20 -> 22.908209 | F20: Tablet | G20: 8x4/4x4 Grids | H20: In replay | I20: In replay | J20: https://youtu.be/E_MX0YdDGL4
A21: 30.10.2020 | B21: Dawidluna | C21: 38.413 | D21: 792 | E21: =D21/C21 -> 20.61802 | F21: Mouse | G21: 4x4 Grids | H21: ... | I21: ... | J21: https://www.youtube.com/watch?v=SjMDJvbtVQo
A22: 23.10.2020 | B22: Dawidluna | C22: 41.303 | D22: 872 | E22: 21.112 | F22: Mouse | G22: 4x4 Grids | H22: ... | I22: ... | J22: ...
A23: 23.10.2020 | B23: vovker | C23: 41.503 | D23: 797 | E23: 19.203 | F23: Mouse | G23: 4x4 Grids | H23: ... | I23: ... | J23: ...
A24: 19.10.2020 | B24: Dawidluna | C24: 43.428 | D24: 790 | E24: 18.191 | F24: Mouse | G24: 4x4 Grids | H24: ... | I24: ... | J24: ...
A25: 06.08.2020 | B25: Dawidluna | C25: 44.047 | D25: 824 | E25: 18.707 | F25: Mouse | G25: 4x4 Grids | H25: ... | I25: ... | J25: ...
A26: xx.7.2020 | B26: Dawidluna | C26: 44.071 | D26: ... | E26: ... | F26: Mouse | G26: 4x4 Grids | H26: ... | I26: ... | J26: ...
A27: 03.06.2020 | B27: Dawidluna | C27: 44.759 | D27: 804 | E27: =D27/C27 -> 17.962868 | F27: Mouse | G27: 4x4 Grids | H27: ... | I27: ... | J27: https://www.youtube.com/watch?v=e7MZTOg1mSY
A28: 05.10.2016 | B28: ben1996123 | C28: 45.606 | D28: 799 | E28: =D28/C28 -> 17.519625 | F28: Keyboard | G28: 4x4 Grids | H28: In replay | I28: In replay | J28: https://www.youtube.com/watch?v=Na0CV3ckFdM
A29: 05.10.2016 | B29: ben1996123 | C29: 49.082 | D29: 935 | E29: =D29/C29 -> 19.049753 | F29: Keyboard | G29: 4x4 Grids | H29: In replay | I29: In replay | J29: https://www.youtube.com/watch?v=JtxV9sQO1XM
A30: 02.09.2016 | B30: ben1996123 | C30: 49.728 | D30: 912 | E30: 18.339 | F30: Keyboard | G30: 4x4 Grids | J30: ...
A31: 06.01.2016 | B31: ben1996123 | C31: 52.444 | D31: 655 | E31: =D31/C31 -> 12.489513 | F31: Keyboard | G31: Fringe | H31: In replay | I31: In replay | J31: https://www.youtube.com/watch?v=IJxrDsrXB50
A32: 05.01.2016 | B32: soup | C32: 54.617 | D32: 1005 | E32: 18.4 | F32: Mouse | G32: LBL | H32: ... | I32: ... | J32: ...
A33: 03.03.2014 | B33: ben1996123 | C33: 55.687 | D33: 702 | E33: =D33/C33 -> 12.606174 | F33: Keyboard | G33: Fringe | H33: ... | I33: ... | J33: https://www.youtube.com/watch?v=ZwluPEtzVqI
A34: 05.01.2014 | B34: qqwref | C34: 59.033 | D34: 840 | E34: 14.229 | F34: Mouse | G34: Fringe | J34: ...

Sheet 8x8 ao5
A1: Date | B1: Name | C1: Time | D1: Movecount | E1: TPS | F1: Control | G1: Style | H1: Solve Data | I1: Video
A2: 19.03.2026 | B2: dphdmn | C2: 27.759 | D2: 848.666 | E2: 30.255 | F2: Tablet | G2: 4x8 Grids | H2: In replay | I2: https://youtu.be/s6wJ-a6K3-Q
A3: 08.09.2025 | B3: vovker | C3: 28.519 | D3: 848 | E3: 29.766 | F3: Mouse | G3: 4x8 Grids | H3: In replay | I3: https://www.youtube.com/watch?v=RHuqSAN_p4I
A4: 06.09.2025 | B4: vovker | C4: 28.875 | D4: 874 | E4: 30.372 | F4: Mouse | G4: 4x8 Grids | H4: In replay | I4: ...
A5: 27.05.2025 | B5: vovker | C5: 28.881 | D5: 863 | E5: 29.479 | F5: Mouse | G5: 4x8 Grids | H5: In replay | I5: https://youtu.be/8iNWcu6QkSc
A6: 27.05.2025 | B6: vovker | C6: 30.028 | D6: 845.333 | E6: 28.572 | F6: Mouse | G6: 4x8 Grids | H6: (27.820), (33.180), 28.979, 31.352, 29.755 = 30.028 | I6: https://youtu.be/PsHA83-rEqc
A7: 25.01.2025 | B7: vovker | C7: 30.545 | D7: 834.666 | E7: 27.614 | F7: Mouse | G7: 4x8 Grids | H7: In replay | I7: ...
A8: 05.11.2024 | B8: vovker | C8: 31.318 | D8: 844.333 | E8: 26.704 | F8: Mouse | G8: 4x8 Grids | H8: ... | I8: ...
A9: 01.11.2024 | B9: vovker | C9: 33.013 | D9: 863.333 | E9: 26.201 | F9: Mouse | G9: 4x8 Grids | H9: ... | I9: ...
A10: 05.05.2024 | B10: Daanbe | C10: 33.204 | D10: 857 | E10: 24.815 | F10: Mouse | G10: 4x8 Grids | H10: In replay | I10: ...
A11: 20.04.2024 | B11: Daanbe | C11: 33.686 | D11: 814.333 | E11: 24.922 | F11: Mouse | G11: 4x8 Grids | H11: https://imgur.com/YLQ00lN | I11: ...
A12: 10.04.2024 | B12: Daanbe | C12: 35.481 | D12: 860 | E12: 23.865 | F12: Mouse | G12: 4x8 Grids | H12: ... | I12: ...
A13: 18.02.2024 | B13: Daanbe | C13: 36.14 | D13: 861.333 | E13: 23.549 | F13: Mouse | G13: 4x8 Grids | H13: ... | I13: ...
... A32: 19.01.2019 | B32: ben1996123 | C32: 51.92 | D32: 905 | E32: 17.384 | F32: Keyboard | G32: ... | H32: ... | I32: ...
A33: ??? | B33: ben1996123 | C33: 54.377 | D33: ??? | E33: ??? | F33: Keyboard | G33: ... | H33: (1:02.975), (51.576), 53.098, 55.961, 54.073 | I33: ...

Sheet 9x9 single
A1: Date | B1: Name | C1: Time | D1: Movecount | E1: TPS | F1: Control | G1: Style | H1: Scramble | I1: Solution | J1: Video
A2: 20.06.2025 | B2: tnum10 | C2: 36.984 | D2: 1251 | E2: 33.825 | F2: Mouse | G2: 5x9 Grids | J2: https://www.youtube.com/watch?v=ZQ0_Pgd5ixE
A3: 17.06.2025 | B3: tnum10 | C3: 38.1 | D3: 1431 | E3: 37.559 | F3: Mouse | G3: 5x9 Grids | J3: https://youtu.be/8XFaZFyhIAk
A4: 25.05.2025 | B4: vovker | C4: 38.196 | D4: 1127 | E4: 29.505 | F4: Mouse | G4: 9x5 - 5x5 Grids | J4: https://youtu.be/466Dc8VE5OA
A5: 25.05.2025 | B5: vovker | C5: 38.282 | D5: 1151 | E5: 30.066 | F5: Mouse | G5: 9x5 - 5x5 Grids | J5: https://youtu.be/SE4z4QmFb6c
A6: 23.01.2025 | B6: vovker | C6: 38.638 | D6: 1022 | E6: 26.451 | F6: Mouse | G6: 9x5 - 5x5 Grids | H6: In replay | I6: In replay | J6: https://www.youtube.com/watch?v=yvgEEaOqpc0
A7: 01.11.2024 | B7: vovker | C7: 40.197 | D7: 1087 | E7: 27.041 | F7: Mouse | G7: 9x5 - 5x5 Grids | H7: In replay | I7: In replay | J7: ...
A8: 19.05.2024 | B8: Daanbe | C8: 42.007 | D8: 1079 | E8: 25.686 | F8: Mouse | G8: 5x9 Grids | H8: In replay | I8: In replay | J8: https://www.youtube.com/watch?v=konHyb8a3tE
A9: 04.05.2024 | B9: Daanbe | C9: 43.221 | D9: 1064 | E9: 24.617 | F9: Mouse | G9: 5x9 Grids | H9: In replay | I9: In replay | J9: https://www.youtube.com/watch?v=0N6Gzt1P48w
A10: 17.02.2024 | B10: Daanbe | C10: 45.376 | D10: 1131 | E10: 24.925 | F10: Mouse | G10: 5x9 Grids | H10: In replay | I10: In replay | J10: https://www.youtube.com/watch?v=yHEmGhLpVSo
A11: 15.06.2023 | B11: Daanbe | C11: 46.177 | D11: 1232 | E11: 26.679 | F11: Mouse | G11: 5x9 Grids | H11: In replay | I11: In replay | J11: https://www.youtube.com/watch?v=l8lJLITtpro
A12: 20.05.2023 | B12: dphdmn | C12: 47.009 | D12: 1116 | E12: 23.74 | F12: Tablet | G12: 5x9 Grids | H12: In replay | I12: In replay | J12: https://www.youtube.com/watch?v=ZBiHA2swcXk
A13: 23.03.2023 | B13: Daanbe | C13: 47.504 | D13: 1091 | E13: =D13/C13 -> 22.966487 | F13: Mouse | G13: 5x9 Grids | H13: In replay | I13: In replay | J13: https://www.youtube.com/watch?v=Edf6b7VFcJA
A14: 17.07.2022 | B14: Dawidluna | C14: 48.924 | D14: 1181 | E14: =D14/C14 -> 24.139482 | F14: Mouse | G14: 5x5 Grids | H14: In replay | I14: In replay | J14: https://www.youtube.com/watch?v=is2iAxrRN1E
A15: 01.02.2022 | B15: Dawidluna | C15: 49.41 | D15: 1239 | E15: =D15/C15 -> 25.075896 | F15: Mouse | G15: 5x5 Grids | H15: ... | I15: ... | J15: https://www.youtube.com/watch?v=zOiZYruMy8w
A16: 01.02.2022 | B16: Dawidluna | C16: 50.875 | D16: 1313 | E16: 25.808 | F16: Mouse | G16: 5x5 Grids | H16: ... | I16: ... | J16: ...
A17: 01.02.2022 | B17: Dawidluna | C17: 53.522 | D17: 1216 | E17: 22.719 | F17: Mouse | G17: 5x5 Grids | H17: ... | I17: ... | J17: ...
A18: 09.09.2021 | B18: Dawidluna | C18: 54.721 | D18: 1182 | E18: =D18/C18 -> 21.600482 | F18: Mouse | G18: 5x5 Grids | H18: ... | I18: ... | J18: https://youtu.be/JdTW58nUUlQ
A19: 27.07.2021 | B19: eff | C19: 55.184 | D19: 1272 | E19: =D19/C19 -> 23.050159 | F19: Mouse | G19: 3x9 Grids | H19: In replay | I19: In replay | J19: https://www.youtube.com/watch?v=SXhdUOpfxE0
A20: 06.04.2021 | B20: dphdmn | C20: 55.277 | D20: 1180 | E20: =D20/C20 -> 21.347034 | F20: Tablet | G20: 3x9 Grids | H20: In replay | I20: In replay | J20: https://youtu.be/rgEtRXGs0Mw
A21: 07.03.2021 | B21: dphdmn | C21: 58.941 | D21: 1194 | E21: =D21/C21 -> 20.257546 | F21: Tablet | G21: 3x9 Grids | H21: ... | I21: ... | J21: https://youtu.be/IeXTXyfhvV0
A22: 07.03.2021 | B22: eff | C22: 60.24 | D22: 1140 | E22: 18.924 | F22: Mouse | G22: 5x5 Grids | H22: ... | I22: ... | J22: ...
A23: 23.02.2021 | B23: dphdmn | C23: 61.842 | D23: 1353 | E23: 21.878 | F23: Tablet | G23: 3x9 Grids | H23: ... | I23: ... | J23: https://youtu.be/Q6sq2SkR82Y
A24: 31.10.2020 | B24: Dawidluna | C24: 61.949 | D24: 1281 | E24: =D24/C24 -> 20.6783 | F24: Mouse | G24: 5x5 Grids | H24: ... | I24: ... | J24: https://www.youtube.com/watch?v=Pkn4gTR0bcw
A25: 31.10.2020 | B25: Dawidluna | C25: 67.086 | D25: ... | E25: ... | F25: Mouse | G25: 5x5 Grids | H25: ... | I25: ... | J25: ...
A26: 31.10.2020 | B26: Dawidluna | C26: 67.xx | D26: ... | E26: ... | F26: Mouse | G26: 5x5 Grids | H26: ... | I26: ... | J26: ...
A27: 08.06.2020 | B27: Dawidluna | C27: 67.863 | D27: 1255 | E27: 18.493 | F27: Mouse | G27: 5x5 Grids | H27: ... | I27: ... | J27: https://www.youtube.com/watch?v=ll8BNK0z5ZY
A28: 16.03.2020 | B28: Dawidluna | C28: 71.159 | D28: 1227 | E28: =D28/C28 -> 17.243075 | F28: Mouse | G28: 5x5 Grids | H28: ... | I28: ... | J28: https://www.youtube.com/watch?v=1NZ8aWs6esU
A29: 15.10.2016 | B29: ben1996123 | C29: 73.154 | D29: 1214 | E29: =D29/C29 -> 16.595128 | F29: Keyboard | G29: 5x5 Grids | H29: ... | I29: ... | J29: ...
A30: 06.10.2016 | B30: ben1996123 | C30: 74.233 | D30: 1292 | E30: 17.404 | F30: Keyboard | G30: 5x5 Grids | J30: ...
A31: 21.09.2016 | B31: ben1996123 | C31: 78.639 | D31: 1298 | E31: =D31/C31 -> 16.505805 | F31: Keyboard | G31: 5x5 Grids | H31: In replay | I31: In replay | J31: https://www.youtube.com/watch?v=MciS_hXa4hU
A32: 05.09.2016 | B32: ben1996123 | C32: 81.18 | D32: 1311 | E32: =D32/C32 -> 16.149298 | F32: Keyboard | G32: 5x5 Grids | H32: ... | I32: ... | J32: ...
A33: <06.2014 | B33: qqwref | C33: 81.869 | D33: ... | E33: ... | F33: ... | G33: ... | H33: ... | I33: ... | J33: ...
A34: 30.10.2013 | B34: ben1996123 | C34: 119.92 | D34: 1372 | E34: =D34/C34 -> 11.440961 | F34: Keyboard | G34: Fringe | H34: ... | I34: ... | J34: https://www.youtube.com/watch?v=cb-O60vA2_k&t=29s

Sheet 9x9 ao5
A1: Date | B1: Name | C1: Time | D1: Movecount | E1: TPS | F1: Control | G1: Style | H1: Solve Data | I1: Video
A2: 09.09.2025 | B2: vovker | C2: 42.614 | D2: 1285 | E2: 30.563 | F2: Mouse | G2: 5x9 Grids | H2: In replay | I2: ...
A3: 13.06.2025 | B3: vovker | C3: 43.114 | D3: 1284 | E3: 29.556 | F3: Mouse | G3: 5x9 Grids | H3: In replay | I3: https://youtu.be/iQetIfkoQFk
A4: 13.06.2025 | B4: vovker | C4: 44.03 | D4: 1291.333 | E4: 29.108 | F4: Mouse | G4: 5x9 Grids | H4: In replay | I4: https://youtu.be/iQetIfkoQFk
A5: 13.06.2025 | B5: vovker | C5: 44.801 | D5: 1324 | E5: 29.295 | F5: Mouse | G5: 5x9 Grids | H5: In replay | I5: https://youtu.be/iQetIfkoQFk
A6: 13.06.2025 | B6: vovker | C6: 45.451 | D6: 1319.666 | E6: 29.209 | F6: Mouse | G6: 5x9 Grids | H6: In replay | I6: https://youtu.be/iQetIfkoQFk
A7: 11.06.2025 | B7: vovker | C7: 45.645 | D7: 1244 | E7: 26.866 | F7: Mouse | G7: 9x5 - 5x5 Grids | H7: In replay | I7: ...
A8: 10.06.2025 | B8: tnum10 | C8: 45.861 | D8: 1497 | E8: 32.308 | F8: Mouse | G8: 5x9 Grids | H8: In replay | I8: ...
A9: 27.02.2025 | B9: vovker | C9: 45.929 | D9: 1342.666 | E9: 28.461 | F9: Mouse | G9: 9x5 - 5x5 Grids | H9: In replay | I9: ...
A10: 23.01.2025 | B10: vovker | C10: 46.129 | D10: 1295 | E10: 27.942 | F10: Mouse | G10: 9x5 - 5x5 Grids | H10: https://pastebin.com/raw/CNLSzc9j | I10: ...
A11: 17.01.2025 | B11: vovker | C11: 46.812 | D11: 1252 | E11: 26.624 | F11: Mouse | G11: 9x5 - 5x5 Grids | H11: ... | I11: ...
A12: 10.11.2024 | B12: vovker | C12: 48.131 | D12: 1274.666 | E12: 25.914 | F12: Mouse | G12: 9x5 - 5x5 Grids | H12: ... | I12: ...
A13: 03.11.2024 | B13: vovker | C13: 48.599 | D13: 1232 | E13: 25.482 | F13: Mouse | G13: 9x5 - 5x5 Grids | H13: ... | I13: ...
... A23: 01.10.2016 | B23: ben1996123 | C23: 84.01 | D23: 1432 | E23: 17.019 | F23: Keyboard | G23: ... | H23: 1:24.317, (1:32.530), 1:24.006, 1:23.709, (1:22.684) | I23: ...

Sheet 10x10 single
A1: Date | B1: Name | C1: Time | D1: Movecount | E1: TPS | F1: Control | G1: Style | H1: Scramble | I1: Solution | J1: Video
A2: 07.04.2025 | B2: vovker | C2: 51.284 | D2: 1569 | E2: 30.594 | F2: Mouse | G2: 10x5 - 5x5 Grids | J2: https://www.youtube.com/watch?v=wf-6xZ5MQ1o
A3: 17.01.2025 | B3: vovker | C3: 52.636 | D3: 1556 | E3: 29.562 | F3: Mouse | G3: 10x5 - 5x5 Grids | H3: In replay | I3: In replay | J3: https://www.youtube.com/watch?v=zvkER6NNDsQ
A4: 17.01.2025 | B4: vovker | C4: 55.051 | D4: 1669 | E4: 30.317 | F4: Mouse | G4: 10x5 - 5x5 Grids | H4: In replay | I4: In replay | J4: ...
A5: 30.10.2024 | B5: vovker | C5: 55.932 | D5: 1446 | E5: 25.852 | F5: Mouse | G5: 10x5 - 5x5 Grids | H5: In replay | I5: In replay | J5: ...
A6: 09.05.2024 | B6: Daanbe | C6: 59.648 | D6: 1680 | E6: 28.165 | F6: Mouse | G6: 5x10 Grids | H6: In replay | I6: In replay | J6: https://www.youtube.com/watch?v=uk9QYhLND2s
A7: 01.05.2024 | B7: Daanbe | C7: 61.498 | D7: 1545 | E7: 25.122 | F7: Mouse | G7: 5x10 Grids | H7: In replay | I7: In replay | J7: ...
A8: 29.04.2024 | B8: Daanbe | C8: 61.674 | D8: 1599 | E8: 25.926 | F8: Mouse | G8: 5x10 Grids | H8: In replay | I8: In replay | J8: ...
A9: 04.04.2024 | B9: Daanbe | C9: 61.744 | D9: 1525 | E9: 24.698 | F9: Mouse | G9: 5x10 Grids | H9: In replay | I9: In replay | J9: https://youtu.be/jyM0OsJLwPo
A10: 04.04.2024 | B10: Daanbe | C10: 64.124 | D10: 1717 | E10: 26.776 | F10: Mouse | G10: 5x10 Grids | H10: In replay | I10: In replay | J10: ...
A11: 13.02.2024 | B11: Daanbe | C11: 64.783 | D11: 1576 | E11: 24.327 | F11: Mouse | G11: 5x10 Grids | H11: In replay | I11: In replay | J11: ...
A12: 01.06.2023 | B12: dphdmn | C12: 65.212 | D12: 1652 | E12: 25.333 | F12: Tablet | G12: 10x5 - 5x5 Grids | H12: In replay | I12: In replay | J12: https://www.youtube.com/watch?v=bXY3F13FRhw
A13: 20.05.2023 | B13: dphdmn | C13: 65.266 | D13: 1601 | E13: 24.53 | F13: Tablet | G13: 10x5 - 5x5 Grids | H13: In replay | I13: In replay | J13: https://www.youtube.com/watch?v=HIRMOqnOyno
A14: 02.02.2022 | B14: Dawidluna | C14: 66.906 | D14: 1744 | E14: 26.066 | F14: Mouse | G14: 5x5 Grids | H14: In replay | I14: In replay | J14: https://www.youtube.com/watch?v=_RlxV8AsXzM
... A26: 15.03.2020 | B26: Dawidluna | C26: 92.127 | D26: 1741 | E26: 18.897 | F26: Mouse | G26: 5x5 Grids | H26: ... | I26: ... | J26: https://www.youtube.com/watch?v=PEjB4TF6gog
A27: 01.10.2016 | B27: ben1996123 | C27: 95.786 | D27: 1780 | E27: =D27/C27 -> 18.583091 | F27: Keyboard | G27: 5x5 Grids | H27: In replay | I27: In replay | J27: ...
A28: 21.09.2016 | B28: ben1996123 | C28: 98.715 | D28: 1823 | E28: 18.467 | F28: Keyboard | G28: 5x5 Grids | J28: ...
A29: 10.06.2015 | B29: ben1996123 | C29: 110.936 | D29: 1515 | E29: =D29/C29 -> 13.656523 | F29: Keyboard | G29: 5x5 Grids | H29: In replay | I29: In replay | J29: https://www.youtube.com/watch?v=tMkgwmxgf_I
A30: 13.01.2015 | B30: soup | C30: 134.222 | D30: ... | E30: ... | F30: Mouse | G30: Fringe | H30: ... | I30: ... | J30: ...
A31: <08.03.2014 | B31: qqwref | C31: 134.682 | D31: ... | E31: ... | F31: Mouse | G31: Fringe | H31: ... | I31: ... | J31: ...
A32: 15.11.2013 | B32: qqwref | C32: 158.741 | D32: 2026 | E32: =D32/C32 -> 12.762928 | F32: Mouse | G32: Fringe | H32: ... | I32: ... | J32: https://www.youtube.com/watch?v=SpLuYmRnCJs
A33: 31.10.2013 | B33: ben1996123 | C33: 193.8 | D33: 2130 | E33: 10.991 | F33: Keyboard | G33: Fringe | J33: ...
A34: 14.10.2013 | B34: ben1996123 | C34: 211.932 | D34: ... | E34: ... | F34: Keyboard | G34: Fringe | J34: ...
A35: 30.09.2013 | B35: ben1996123 | C35: 224.951 | D35: 2277 | E35: =D35/C35 -> 10.122204 | F35: Keyboard | G35: Fringe | H35: ... | I35: ... | J35: https://www.youtube.com/watch?v=kRXCazL5pcg&t=6s

Sheet 10x10 ao5
A1: Date | B1: Name | C1: Time | D1: Movecount | E1: TPS | F1: Control | G1: Style | H1: Solve Data | I1: Video
A2: 24.08.2025 | B2: vovker | C2: 56.743 | D2: 1659.666 | E2: 29.28 | F2: Mouse | G2: 10x5 - 5x5 Grids | H2: In replay | I2: ...
A3: 25.05.2025 | B3: vovker | C3: 57.065 | D3: 1684.666 | E3: 29.265 | F3: Mouse | G3: 10x5 - 5x5 Grids | H3: In replay | I3: https://www.youtube.com/watch?v=pU53dzs-lAI
A4: 25.05.2025 | B4: vovker | C4: 59.094 | D4: 1793 | E4: 30.354 | F4: Mouse | G4: 10x5 - 5x5 Grids | H4: ... | I4: https://www.youtube.com/watch?v=pU53dzs-lAI
A5: 25.05.2025 | B5: vovker | C5: 59.234 | D5: 1750 | E5: 29.471 | F5: Mouse | G5: 10x5 - 5x5 Grids | H5: ... | I5: https://www.youtube.com/watch?v=pU53dzs-lAI
A6: 25.05.2025 | B6: vovker | C6: 59.484 | D6: 1683 | E6: 27.86 | F6: Mouse | G6: 10x5 - 5x5 Grids | H6: ... | I6: ...
A7: 18.04.2025 | B7: vovker | C7: 60.067 | D7: 1729 | E7: 28.672 | F7: Mouse | G7: 10x5 - 5x5 Grids | H7: In replay | I7: ...
A8: 07.04.2025 | B8: vovker | C8: 60.322 | D8: 1748.333 | E8: 29.359 | F8: Mouse | G8: 10x5 - 5x5 Grids | H8: In replay | I8: ...
A9: 07.04.2025 | B9: vovker | C9: 61.11 | D9: 1810.333 | E9: 29.46 | F9: Mouse | G9: 10x5 - 5x5 Grids | H9: In replay | I9: ...
A10: 27.02.2025 | B10: vovker | C10: 62.56 | D10: 1772.333 | E10: 28.327 | F10: Mouse | G10: 10x5 - 5x5 Grids | H10: In replay | I10: ...
A11: 19.01.2025 | B11: vovker | C11: 62.791 | D11: 1755.666 | E11: 28.372 | F11: Mouse | G11: 10x5 - 5x5 Grids | H11: https://raw.githubusercontent.com/dphdmn/dphtrashcan/refs/heads/main/%5BWR%5D%20Solve%20by%20vovker%202025.01.19 | I11: ...
A12: 17.01.2025 | B12: vovker | C12: 64.241 | D12: 1828.666 | E12: 28.653 | F12: Mouse | G12: 10x5 - 5x5 Grids | H12: ... | I12: ...
A13: 17.01.2025 | B13: vovker | C13: 65.105 | D13: 1660 | E13: 25.74 | F13: Mouse | G13: 10x5 - 5x5 Grids | H13: ... | I13: ...
... A28: 30.10.2020 | B28: soup | C28: 94.737 | D28: 2041.666 | E28: 21.638 | F28: Mouse | G28: 5x5 Grids | H28: 1:32.161, 1:30.539, (1:42.918), 1:41.511, (1:28.446) | I28: ...
A29: 30.10.2020 | B29: soup | C29: 96.439 | D29: ... | E29: ... | F29: Mouse | G29: 5x5 Grids | H29: ... | I29: ...
A30: 26.10.2020 | B30: soup | C30: 97.909 | D30: ... | E30: ... | F30: Mouse | G30: 5x5 Grids | H30: ... | I30: ...
A31: 09.07.2020 | B31: Dawidluna | C31: 98.769 | D31: 1995.666 | E31: 19.952 | F31: Mouse | G31: 5x5 Grids
A32: 09.07.2020 | B32: Dawidluna | C32: 100.983 | D32: ... | E32: ... | F32: Mouse | G32: 5x5 Grids | H32: ... | I32: ...
A33: 01.01.2019 | B33: ben1996123 | C33: 102.314 | D33: 1839 | E33: 17.665 | F33: Keyboard | G33: 5x5 Grids | H33: https://pastebin.com/raw/GgLpvkhk | I33: https://youtu.be/2PEA8a-MloE
A34: 31.12.2018 | B34: ben1996123 | C34: 105.619 | D34: 1938 | E34: 18.179 | F34: Keyboard | G34: 5x5 Grids | H34: https://pastebin.com/raw/u1CKNQC8 | I34: https://youtu.be/HKxtr6BLZIM
A35: 01.10.2016 | B35: ben1996123 | C35: 106.249 | D35: 1860.333 | E35: 17.629 | F35: Keyboard | G35: 5x5 Grids | H35: (1:41.843), 1:46.821, 1:46.257, (2:04.166), 1:45.670 | I35: ...

Sheet 11x11 single
A1: Date | B1: Name | C1: Time | D1: Movecount | E1: TPS | F1: Control | G1: Style | H1: Scramble | I1: Solution | J1: Video | K1: Time (Minutes)
A2: 13.04.2025 | B2: vovker | C2: 72.059 | D2: 2132 | E2: 29.587 | F2: Mouse | G2: 11x6 - 6x6 Grids | J2: https://www.youtube.com/watch?v=a2trf_Urv8E | K2: =TEXT(INT(C2/60),"00") & ":" & TEXT(INT(MOD(C2,60)),"00") & "." & TEXT(MOD(C2,1)*1000,"000") -> 01:12.059
A3: 13.04.2025 | B3: vovker | C3: 74.535 | D3: 2258 | E3: 30.294 | F3: Mouse | G3: 11x6 - 6x6 Grids | J3: ... | K3: =TEXT(INT(C3/60),"00") & ":" & TEXT(INT(MOD(C3,60)),"00") & "." & TEXT(MOD(C3,1)*1000,"000") -> 01:14.535
A4: 26.03.2025 | B4: vovker | C4: 74.889 | D4: 2253 | E4: 30.085 | F4: Mouse | G4: 11x6 - 6x6 Grids | J4: https://www.youtube.com/watch?v=kGRGpnwKhdg | K4: =TEXT(INT(C4/60),"00") & ":" & TEXT(INT(MOD(C4,60)),"00") & "." & TEXT(MOD(C4,1)*1000,"000") -> 01:14.889
A5: 26.03.2025 | B5: vovker | C5: 76.064 | D5: 2251 | E5: 29.593 | F5: Mouse | G5: 11x6 - 6x6 Grids | J5: ... | K5: =TEXT(INT(C5/60),"00") & ":" & TEXT(INT(MOD(C5,60)),"00") & "." & TEXT(MOD(C5,1)*1000,"000") -> 01:16.064
A6: 26.03.2025 | B6: vovker | C6: 76.35 | D6: 2210 | E6: 28.945 | F6: Mouse | G6: 11x6 - 6x6 Grids | J6: ... | K6: =TEXT(INT(C6/60),"00") & ":" & TEXT(INT(MOD(C6,60)),"00") & "." & TEXT(MOD(C6,1)*1000,"000") -> 01:16.350
A7: 26.03.2025 | B7: vovker | C7: 76.844 | D7: 2311 | E7: 30.073 | F7: Mouse | G7: 11x6 - 6x6 Grids | J7: ... | K7: =TEXT(INT(C7/60),"00") & ":" & TEXT(INT(MOD(C7,60)),"00") & "." & TEXT(MOD(C7,1)*1000,"000") -> 01:16.844
A8: 25.03.2025 | B8: vovker | C8: 78.843 | D8: 2162 | E8: 27.422 | F8: Mouse | G8: 11x6 - 6x6 Grids | J8: ... | K8: =TEXT(INT(C8/60),"00") & ":" & TEXT(INT(MOD(C8,60)),"00") & "." & TEXT(MOD(C8,1)*1000,"000") -> 01:18.843
A9: 24.02.2025 | B9: vovker | C9: 78.915 | D9: 2277 | E9: 28.853 | F9: Mouse | G9: 11x6 - 6x6 Grids | J9: https://www.youtube.com/watch?v=8VGNt45JA6o | K9: =TEXT(INT(C9/60),"00") & ":" & TEXT(INT(MOD(C9,60)),"00") & "." & TEXT(MOD(C9,1)*1000,"000") -> 01:18.915
A10: 08.01.2025 | B10: vovker | C10: 79.662 | D10: 2233 | E10: 28.03 | F10: Mouse | G10: 11x6 - 6x6 Grids | H10: In replay | I10: In replay | J10: https://youtu.be/UyuKzYbUj3g | K10: =TEXT(INT(C10/60),"00") & ":" & TEXT(INT(MOD(C10,60)),"00") & "." & TEXT(MOD(C10,1)*1000,"000") -> 01:19.662
A11: 08.01.2025 | B11: vovker | C11: 87.122 | D11: 2431 | E11: 27.903 | F11: Mouse | G11: 11x6 - 6x6 Grids | H11: In replay | I11: In replay | J11: ... | K11: =TEXT(INT(C11/60),"00") & ":" & TEXT(INT(MOD(C11,60)),"00") & "." & TEXT(MOD(C11,1)*1000,"000") -> 01:27.122
A12: 08.01.2025 | B12: vovker | C12: 87.172 | D12: 2411 | E12: 27.657 | F12: Mouse | G12: 11x6 - 6x6 Grids | H12: In replay | I12: In replay | J12: ... | K12: =TEXT(INT(C12/60),"00") & ":" & TEXT(INT(MOD(C12,60)),"00") & "." & TEXT(MOD(C12,1)*1000,"000") -> 01:27.172
A13: 01.11.2024 | B13: vovker | C13: 87.266 | D13: 2214 | E13: 25.37 | F13: Mouse | G13: 11x6 - 6x6 Grids | H13: In replay | I13: In replay | J13: ... | K13: =TEXT(INT(C13/60),"00") & ":" & TEXT(INT(MOD(C13,60)),"00") & "." & TEXT(MOD(C13,1)*1000,"000") -> 01:27.266
A14: 15.09.2024 | B14: Daanbe | C14: 89.246 | D14: 2402 | E14: 26.914 | F14: Mouse | G14: 6x11 Grids | H14: In replay | I14: In replay | J14: ... | K14: =TEXT(INT(C14/60),"00") & ":" & TEXT(INT(MOD(C14,60)),"00") & "." & TEXT(MOD(C14,1)*1000,"000") -> 01:29.246
A15: 08.05.2024 | B15: Daanbe | C15: 89.618 | D15: 2267 | E15: 25.296 | F15: Mouse | G15: 6x11 Grids | J15: https://www.youtube.com/watch?v=v01sRDw-Lig | K15: =TEXT(INT(C15/60),"00") & ":" & TEXT(INT(MOD(C15,60)),"00") & "." & TEXT(MOD(C15,1)*1000,"000") -> 01:29.618
A16: 13.04.2024 | B16: Daanbe | C16: 90.426 | D16: 2227 | E16: 24.627 | F16: Mouse | G16: 11x6 - 6x6 Grids | J16: ... | K16: =TEXT(INT(C16/60),"00") & ":" & TEXT(INT(MOD(C16,60)),"00") & "." & TEXT(MOD(C16,1)*1000,"000") -> 01:30.426
A17: 07.02.2024 | B17: Daanbe | C17: 93.653 | D17: 2309 | E17: 24.654 | F17: Mouse | G17: 11x6 - 6x6 Grids | J17: ... | K17: =TEXT(INT(C17/60),"00") & ":" & TEXT(INT(MOD(C17,60)),"00") & "." & TEXT(MOD(C17,1)*1000,"000") -> 01:33.653
A18: 29.01.2024 | B18: Daanbe | C18: 93.725 | D18: 2300 | E18: 24.539 | F18: Mouse | G18: 11x6 - 6x6 Grids | J18: ... | K18: =TEXT(INT(C18/60),"00") & ":" & TEXT(INT(MOD(C18,60)),"00") & "." & TEXT(MOD(C18,1)*1000,"000") -> 01:33.725
A19: 02.03.2023 | B19: Daanbe | C19: 94.777 | D19: 2129 | E19: 22.463 | F19: Mouse | G19: 11x6 - 6x6 Grids | H19: ... | I19: ... | J19: https://www.youtube.com/watch?v=KG9cnJtRfms | K19: =TEXT(INT(C19/60),"00") & ":" & TEXT(INT(MOD(C19,60)),"00") & "." & TEXT(MOD(C19,1)*1000,"000") -> 01:34.777
A20: 02.03.2023 | B20: Daanbe | C20: 100.296 | D20: 2337 | E20: 23.301 | F20: Mouse | G20: 11x6 - 6x6 Grids | J20: ... | K20: =TEXT(INT(C20/60),"00") & ":" & TEXT(INT(MOD(C20,60)),"00") & "." & TEXT(MOD(C20,1)*1000,"000") -> 01:40.296
A21: 07.01.2023 | B21: Daanbe | C21: 101.502 | D21: 2421 | E21: 23.851 | F21: Mouse | G21: 11x6 - 6x6 Grids | J21: ... | K21: =TEXT(INT(C21/60),"00") & ":" & TEXT(INT(MOD(C21,60)),"00") & "." & TEXT(MOD(C21,1)*1000,"000") -> 01:41.502
A22: 07.01.2023 | B22: Daanbe | C22: 106.465 | D22: 2425 | E22: 22.777 | F22: Mouse | G22: 11x6 - 6x6 Grids | J22: ... | K22: =TEXT(INT(C22/60),"00") & ":" & TEXT(INT(MOD(C22,60)),"00") & "." & TEXT(MOD(C22,1)*1000,"000") -> 01:46.465
A23: 15.07.2022 | B23: Daanbe | C23: 107.256 | D23: 2374 | E23: 22.133 | F23: Mouse | G23: ... | J23: ... | K23: =TEXT(INT(C23/60),"00") & ":" & TEXT(INT(MOD(C23,60)),"00") & "." & TEXT(MOD(C23,1)*1000,"000") -> 01:47.256
A24: 03.02.2022 | B24: Dawidluna | C24: 108.238 | D24: 2604 | E24: 24.058 | F24: Mouse | G24: 6x6 Grids | H24: In replay | I24: In replay | J24: ... | K24: =TEXT(INT(C24/60),"00") & ":" & TEXT(INT(MOD(C24,60)),"00") & "." & TEXT(MOD(C24,1)*1000,"000") -> 01:48.238
A25: 25.07.2021 | B25: Dawidluna | C25: 114.696 | D25: 2460 | E25: 21.448 | F25: Mouse | G25: 6x6 Grids | J25: https://youtu.be/hDsxeSlITKs | K25: =TEXT(INT(C25/60),"00") & ":" & TEXT(INT(MOD(C25,60)),"00") & "." & TEXT(MOD(C25,1)*1000,"000") -> 01:54.696
A26: 06.03.2021 | B26: dphdmn | C26: 118.743 | D26: 2547 | E26: 21.449 | F26: Tablet | G26: 11x6 - 6x6 Grids | H26: ... | I26: ... | J26: https://youtu.be/-XyN8dDir3o | K26: =TEXT(INT(C26/60),"00") & ":" & TEXT(INT(MOD(C26,60)),"00") & "." & TEXT(MOD(C26,1)*1000,"000") -> 01:58.743
A27: 30.10.2020 | B27: Dawidluna | C27: 122.853 | D27: 2691 | E27: 21.904 | F27: Mouse | G27: 6x6 Grids | J27: https://www.youtube.com/watch?v=XY3fkoFWB_0 | K27: =TEXT(INT(C27/60),"00") & ":" & TEXT(INT(MOD(C27,60)),"00") & "." & TEXT(MOD(C27,1)*1000,"000") -> 02:02.853
A28: 30.10.2020 | B28: soup | C28: 123.774 | D28: 2665 | E28: 21.531 | F28: Mouse | G28: 11x6 - 6x6 Grids | J28: https://youtu.be/eeMo1R8nhag | K28: =TEXT(INT(C28/60),"00") & ":" & TEXT(INT(MOD(C28,60)),"00") & "." & TEXT(MOD(C28,1)*1000,"000") -> 02:03.774
A29: 30.10.2020 | B29: soup | C29: 129.884 | D29: 2778 | E29: 21.388 | F29: Mouse | G29: 11x6 - 6x6 Grids | J29: https://www.youtube.com/watch?v=slfosJucBIc | K29: =TEXT(INT(C29/60),"00") & ":" & TEXT(INT(MOD(C29,60)),"00") & "." & TEXT(MOD(C29,1)*1000,"000") -> 02:09.884
A30: 16.03.2020 | B30: Dawidluna | C30: 137.331 | D30: 2645 | E30: 19.26 | F30: Mouse | G30: 6x6 Grids | J30: ... | K30: =TEXT(INT(C30/60),"00") & ":" & TEXT(INT(MOD(C30,60)),"00") & "." & TEXT(MOD(C30,1)*1000,"000") -> 02:17.331
A31: 05.10.2016 | B31: ben1996123 | C31: 139.419 | D31: 2320 | E31: 16.64 | F31: Keyboard | G31: 6x6 Grids | J31: ... | K31: =TEXT(INT(C31/60),"00") & ":" & TEXT(INT(MOD(C31,60)),"00") & "." & TEXT(MOD(C31,1)*1000,"000") -> 02:19.419

Sheet 12x12 single
A1: Date | B1: Name | C1: Time | D1: Movecount | E1: TPS | F1: Control | G1: Style | H1: Scramble | I1: Solution | J1: Video | K1: Time (Minutes)
A2: 07.04.2025 | B2: vovker | C2: 93.449 | D2: 2883 | E2: 30.851 | F2: Mouse | G2: 12x6 - 6x6 Grids | J2: https://youtu.be/JuuFt5Rf8k8 | K2: =TEXT(INT(C2/60),"00") & ":" & TEXT(INT(MOD(C2,60)),"00") & "." & TEXT(MOD(C2,1)*1000,"000") -> 01:33.449
A3: 04.04.2025 | B3: vovker | C3: 95.517 | D3: 2758 | E3: 28.874 | F3: Mouse | G3: 12x6 - 6x6 Grids | J3: ... | K3: =TEXT(INT(C3/60),"00") & ":" & TEXT(INT(MOD(C3,60)),"00") & "." & TEXT(MOD(C3,1)*1000,"000") -> 01:35.517
A4: 04.04.2025 | B4: vovker | C4: 96.236 | D4: 2728 | E4: 28.347 | F4: Mouse | G4: 12x6 - 6x6 Grids | J4: ... | K4: =TEXT(INT(C4/60),"00") & ":" & TEXT(INT(MOD(C4,60)),"00") & "." & TEXT(MOD(C4,1)*1000,"000") -> 01:36.236
A5: 04.04.2025 | B5: vovker | C5: 96.257 | D5: 2800 | E5: 29.088 | F5: Mouse | G5: 12x6 - 6x6 Grids | J5: ... | K5: =TEXT(INT(C5/60),"00") & ":" & TEXT(INT(MOD(C5,60)),"00") & "." & TEXT(MOD(C5,1)*1000,"000") -> 01:36.257
A6: 24.03.2025 | B6: vovker | C6: 97.195 | D6: 2881 | E6: 29.641 | F6: Mouse | G6: 12x6 - 6x6 Grids | J6: https://youtu.be/zWwjHPQPj9c | K6: =TEXT(INT(C6/60),"00") & ":" & TEXT(INT(MOD(C6,60)),"00") & "." & TEXT(MOD(C6,1)*1000,"000") -> 01:37.195
A7: 24.03.2025 | B7: vovker | C7: 99.424 | D7: 3028 | E7: 30.455 | F7: Mouse | G7: 12x6 - 6x6 Grids | J7: ... | K7: =TEXT(INT(C7/60),"00") & ":" & TEXT(INT(MOD(C7,60)),"00") & "." & TEXT(MOD(C7,1)*1000,"000") -> 01:39.424
A8: 19.01.2025 | B8: vovker | C8: 102.031 | D8: 2904 | E8: 28.462 | F8: Mouse | G8: 12x6 - 6x6 Grids | H8: In replay | I8: In replay | J8: https://www.youtube.com/watch?v=maettb_QfdU&t=22s | K8: =TEXT(INT(C8/60),"00") & ":" & TEXT(INT(MOD(C8,60)),"00") & "." & TEXT(MOD(C8,1)*1000,"000") -> 01:42.031
A9: 09.01.2025 | B9: vovker | C9: 107.047 | D9: 3091 | E9: 28.875 | F9: Mouse | G9: 12x6 - 6x6 Grids | H9: In replay | I9: In replay | J9: ... | K9: =TEXT(INT(C9/60),"00") & ":" & TEXT(INT(MOD(C9,60)),"00") & "." & TEXT(MOD(C9,1)*1000,"000") -> 01:47.047
A10: 06.01.2025 | B10: vovker | C10: 107.772 | D10: 3008 | E10: 27.91 | F10: Mouse | G10: 12x6 - 6x6 Grids | H10: In replay | I10: In replay | J10: ... | K10: =TEXT(INT(C10/60),"00") & ":" & TEXT(INT(MOD(C10,60)),"00") & "." & TEXT(MOD(C10,1)*1000,"000") -> 01:47.772
A11: 02.11.2024 | B11: vovker | C11: 110.107 | D11: 2862 | E11: 25.992 | F11: Mouse | G11: 12x6 - 6x6 Grids | H11: In replay | I11: In replay | J11: ... | K11: =TEXT(INT(C11/60),"00") & ":" & TEXT(INT(MOD(C11,60)),"00") & "." & TEXT(MOD(C11,1)*1000,"000") -> 01:50.107
A12: 02.11.2024 | B12: vovker | C12: 116.29 | D12: 3228 | E12: 27.758 | F12: Mouse | G12: 12x6 - 6x6 Grids | H12: In replay | I12: In replay | J12: ... | K12: =TEXT(INT(C12/60),"00") & ":" & TEXT(INT(MOD(C12,60)),"00") & "." & TEXT(MOD(C12,1)*1000,"000") -> 01:56.290
A13: 01.10.2024 | B13: vovker | C13: 117.718 | D13: 2986 | E13: 25.365 | F13: Mouse | G13: 12x6 - 6x6 Grids | H13: In replay | I13: In replay | J13: ... | K13: =TEXT(INT(C13/60),"00") & ":" & TEXT(INT(MOD(C13,60)),"00") & "." & TEXT(MOD(C13,1)*1000,"000") -> 01:57.718
A14: 30.03.2023 | B14: Daanbe | C14: 117.883 | D14: 2944 | E14: 24.973 | F14: Mouse | G14: 12x6 - 6x6 Grids | J14: https://youtu.be/2ftKk1dSfLQ | K14: =TEXT(INT(C14/60),"00") & ":" & TEXT(INT(MOD(C14,60)),"00") & "." & TEXT(MOD(C14,1)*1000,"000") -> 01:57.883
A15: 02.03.2023 | B15: Daanbe | C15: 122.933 | D15: 3078 | E15: 25.038 | F15: Mouse | G15: 12x6 - 6x6 Grids | J15: ... | K15: =TEXT(INT(C15/60),"00") & ":" & TEXT(INT(MOD(C15,60)),"00") & "." & TEXT(MOD(C15,1)*1000,"000") -> 02:02.933
A16: 04.02.2023 | B16: Daanbe | C16: 126.12 | D16: 3207 | E16: 25.428 | F16: Mouse | G16: 12x6 - 6x6 Grids | J16: ... | K16: =TEXT(INT(C16/60),"00") & ":" & TEXT(INT(MOD(C16,60)),"00") & "." & TEXT(MOD(C16,1)*1000,"000") -> 02:06.120
A17: 02.01.2023 | B17: Daanbe | C17: 130.054 | D17: 3215 | E17: 24.72 | F17: Mouse | G17: 12x6 - 6x6 Grids | J17: ... | K17: =TEXT(INT(C17/60),"00") & ":" & TEXT(INT(MOD(C17,60)),"00") & "." & TEXT(MOD(C17,1)*1000,"000") -> 02:10.054
A18: 27.07.2022 | B18: Daanbe | C18: 132.386 | D18: 3114 | E18: 23.522 | F18: Mouse | G18: 12x6 - 6x6 Grids | J18: ... | K18: =TEXT(INT(C18/60),"00") & ":" & TEXT(INT(MOD(C18,60)),"00") & "." & TEXT(MOD(C18,1)*1000,"000") -> 02:12.386
A19: 15.07.2022 | B19: Daanbe | C19: 136.833 | D19: 3205 | E19: 23.422 | F19: Mouse | G19: 12x6 - 6x6 Grids | J19: ... | K19: =TEXT(INT(C19/60),"00") & ":" & TEXT(INT(MOD(C19,60)),"00") & "." & TEXT(MOD(C19,1)*1000,"000") -> 02:16.833
A20: 03.02.2022 | B20: Dawidluna | C20: 137.457 | D20: 3539 | E20: 25.746 | F20: Mouse | G20: 12x4 - 4x4 Grids | H20: In replay | I20: In replay | J20: ... | K20: =TEXT(INT(C20/60),"00") & ":" & TEXT(INT(MOD(C20,60)),"00") & "." & TEXT(MOD(C20,1)*1000,"000") -> 02:17.457
A21: 03.08.2021 | B21: Dawidluna | C21: 153.323 | D21: 3367 | E21: 21.96 | F21: Mouse | G21: 12x4 - 4x4 Grids | J21: https://youtu.be/jSsh_kM6Amw | K21: =TEXT(INT(C21/60),"00") & ":" & TEXT(INT(MOD(C21,60)),"00") & "." & TEXT(MOD(C21,1)*1000,"000") -> 02:33.323
A22: 06.03.2021 | B22: dphdmn | C22: 153.335 | D22: 3263 | E22: 21.28 | F22: Tablet | G22: 12x6 - 6x6 Grids | J22: https://youtu.be/jZxRo3FJfec | K22: =TEXT(INT(C22/60),"00") & ":" & TEXT(INT(MOD(C22,60)),"00") & "." & TEXT(MOD(C22,1)*1000,"000") -> 02:33.335
A23: 03.12.2020 | B23: Dawidluna | C23: 158.675 | D23: 3120 | E23: 19.662 | F23: Mouse | G23: ... | J23: ... | K23: =TEXT(INT(C23/60),"00") & ":" & TEXT(INT(MOD(C23,60)),"00") & "." & TEXT(MOD(C23,1)*1000,"000") -> 02:38.675
A24: 07.11.2020 | B24: soup | C24: 160.117 | D24: 3428 | E24: 21.409 | F24: Mouse | G24: 12x6 - 6x6 Grids | J24: ... | K24: =TEXT(INT(C24/60),"00") & ":" & TEXT(INT(MOD(C24,60)),"00") & "." & TEXT(MOD(C24,1)*1000,"000") -> 02:40.117
A25: 07.11.2020 | B25: soup | C25: 162.232 | D25: 3560 | E25: 21.943 | F25: Mouse | G25: 12x6 - 6x6 Grids | J25: https://www.youtube.com/watch?v=UyXSB19jWv0 | K25: =TEXT(INT(C25/60),"00") & ":" & TEXT(INT(MOD(C25,60)),"00") & "." & TEXT(MOD(C25,1)*1000,"000") -> 02:42.232
A26: 30.10.2020 | B26: soup | C26: 163.773 | D26: 3663 | E26: 22.366 | F26: Mouse | G26: 12x6 - 6x6 Grids | J26: https://www.youtube.com/watch?v=_Dg8s44B1b8 | K26: =TEXT(INT(C26/60),"00") & ":" & TEXT(INT(MOD(C26,60)),"00") & "." & TEXT(MOD(C26,1)*1000,"000") -> 02:43.773
A27: 30.10.2020 | B27: soup | C27: 172.771 | D27: ... | E27: ... | F27: Mouse | G27: 12x6 - 6x6 Grids | J27: ... | K27: =TEXT(INT(C27/60),"00") & ":" & TEXT(INT(MOD(C27,60)),"00") & "." & TEXT(MOD(C27,1)*1000,"000") -> 02:52.771
A28: 03.06.2020 | B28: Dawidluna | C28: 176.111 | D28: 3160 | E28: 17.943 | F28: Mouse | G28: ... | J28: ... | K28: =TEXT(INT(C28/60),"00") & ":" & TEXT(INT(MOD(C28,60)),"00") & "." & TEXT(MOD(C28,1)*1000,"000") -> 02:56.111
A29: 04.10.2016 | B29: ben1996123 | C29: 178.396 | D29: 3119 | E29: 17.483 | F29: Keyboard | G29: 6x6 Grids | H29: In replay | I29: In replay | J29: https://www.youtube.com/watch?v=z3BiBCXeJEo&t=4s | K29: =TEXT(INT(C29/60),"00") & ":" & TEXT(INT(MOD(C29,60)),"00") & "." & TEXT(MOD(C29,1)*1000,"000") -> 02:58.396
A30: 11.09.2016 | B30: soup | C30: 181.294 | D30: 3170 | E30: 17.485 | F30: Mouse | G30: ... | J30: ... | K30: =TEXT(INT(C30/60),"00") & ":" & TEXT(INT(MOD(C30,60)),"00") & "." & TEXT(MOD(C30,1)*1000,"000") -> 03:01.294

Sheet 13x13 single
A1: Date | B1: Name | C1: Time | D1: Movecount | E1: TPS | F1: Control | G1: Style | H1: Scramble | I1: Solution | J1: Video | K1: Time (Minutes)
A2: 09.04.2025 | B2: vovker | C2: 122.081 | D2: 3683 | E2: 30.168 | F2: Mouse | G2: 13x7 - 7x7 - 4x7 Grids | J2: ... | K2: =TEXT(INT(C2/60),"00") & ":" & TEXT(INT(MOD(C2,60)),"00") & "." & TEXT(MOD(C2,1)*1000,"000") -> 02:02.081
A3: 20.03.2025 | B3: vovker | C3: 123.964 | D3: 3734 | E3: 30.122 | F3: Mouse | G3: 13x7 - 7x7 - 4x7 Grids | J3: https://www.youtube.com/watch?v=wuV0Da4nFYk | K3: =TEXT(INT(C3/60),"00") & ":" & TEXT(INT(MOD(C3,60)),"00") & "." & TEXT(MOD(C3,1)*1000,"000") -> 02:03.964
A4: 20.03.2025 | B4: vovker | C4: 132.15 | D4: 3992 | E4: 30.208 | F4: Mouse | G4: 13x7 - 7x7 - 4x7 Grids | J4: ... | K4: =TEXT(INT(C4/60),"00") & ":" & TEXT(INT(MOD(C4,60)),"00") & "." & TEXT(MOD(C4,1)*1000,"000") -> 02:12.150
A5: 23.02.2025 | B5: vovker | C5: 133.673 | D5: 3821 | E5: 28.585 | F5: Mouse | G5: 13x7 - 7x7 - 4x7 Grids | H5: In replay | I5: In replay | J5: ... | K5: =TEXT(INT(C5/60),"00") & ":" & TEXT(INT(MOD(C5,60)),"00") & "." & TEXT(MOD(C5,1)*1000,"000") -> 02:13.673
A6: 21.01.2025 | B6: vovker | C6: 135.402 | D6: 3797 | E6: 28.042 | F6: Mouse | G6: 13x7 - 7x7 - 4x7 Grids | H6: In replay | I6: In replay | J6: https://www.youtube.com/watch?v=yIVH13v0RyA&t=13s | K6: =TEXT(INT(C6/60),"00") & ":" & TEXT(INT(MOD(C6,60)),"00") & "." & TEXT(MOD(C6,1)*1000,"000") -> 02:15.402
A7: 09.01.2025 | B7: vovker | C7: 141.272 | D7: 4052 | E7: 28.682 | F7: Mouse | G7: 13x7 - 7x7 - 4x7 Grids | H7: In replay | I7: In replay | J7: ... | K7: =TEXT(INT(C7/60),"00") & ":" & TEXT(INT(MOD(C7,60)),"00") & "." & TEXT(MOD(C7,1)*1000,"000") -> 02:21.272
A8: 09.01.2025 | B8: vovker | C8: 146.753 | D8: 4170 | E8: 28.415 | F8: Mouse | G8: 13x7 - 7x7 - 4x7 Grids | H8: In replay | I8: In replay | J8: ... | K8: =TEXT(INT(C8/60),"00") & ":" & TEXT(INT(MOD(C8,60)),"00") & "." & TEXT(MOD(C8,1)*1000,"000") -> 02:26.753
A9: 14.11.2024 | B9: vovker | C9: 147.895 | D9: 3946 | E9: 26.681 | F9: Mouse | G9: 13x7 - 7x7 - 4x7 Grids | H9: In replay | I9: In replay | J9: ... | K9: =TEXT(INT(C9/60),"00") & ":" & TEXT(INT(MOD(C9,60)),"00") & "." & TEXT(MOD(C9,1)*1000,"000") -> 02:27.895
A10: 15.09.2024 | B10: Daanbe | C10: 149.24 | D10: 3845 | E10: 25.764 | F10: Mouse | G10: 5x13 Grids | H10: In replay | I10: In replay | J10: ... | K10: =TEXT(INT(C10/60),"00") & ":" & TEXT(INT(MOD(C10,60)),"00") & "." & TEXT(MOD(C10,1)*1000,"000") -> 02:29.240
A11: 29.05.2023 | B11: Daanbe | C11: 153.041 | D11: 3732 | E11: 24.385 | F11: Mouse | G11: 13x7 - 5x7 Grids | J11: ... | K11: =TEXT(INT(C11/60),"00") & ":" & TEXT(INT(MOD(C11,60)),"00") & "." & TEXT(MOD(C11,1)*1000,"000") -> 02:33.041
A12: 21.05.2023 | B12: Daanbe | C12: 165.728 | D12: 3921 | E12: 23.659 | F12: Mouse | G12: 13x7 - 5x7 Grids | J12: ... | K12: =TEXT(INT(C12/60),"00") & ":" & TEXT(INT(MOD(C12,60)),"00") & "." & TEXT(MOD(C12,1)*1000,"000") -> 02:45.728
A13: 12.01.2023 | B13: Daanbe | C13: 168.111 | D13: 4081 | E13: 24.275 | F13: Mouse | G13: 13x7 - 7x7 Grids | J13: ... | K13: =TEXT(INT(C13/60),"00") & ":" & TEXT(INT(MOD(C13,60)),"00") & "." & TEXT(MOD(C13,1)*1000,"000") -> 02:48.111
A14: 12.01.2023 | B14: Daanbe | C14: 173.386 | D14: 4071 | E14: 23.479 | F14: Mouse | G14: 13x7 - 7x7 Grids | J14: ... | K14: =TEXT(INT(C14/60),"00") & ":" & TEXT(INT(MOD(C14,60)),"00") & "." & TEXT(MOD(C14,1)*1000,"000") -> 02:53.386
A15: 12.01.2023 | B15: Daanbe | C15: 174.631 | D15: 3996 | E15: 22.882 | F15: Mouse | G15: 13x7 - 7x7 Grids | J15: ... | K15: =TEXT(INT(C15/60),"00") & ":" & TEXT(INT(MOD(C15,60)),"00") & "." & TEXT(MOD(C15,1)*1000,"000") -> 02:54.631
A16: 15.07.2022 | B16: Daanbe | C16: 175.591 | D16: 4018 | E16: 22.882 | F16: Mouse | G16: ... | J16: ... | K16: =TEXT(INT(C16/60),"00") & ":" & TEXT(INT(MOD(C16,60)),"00") & "." & TEXT(MOD(C16,1)*1000,"000") -> 02:55.591
A17: 17.05.2022 | B17: Dawidluna | C17: 181.402 | D17: 4179 | E17: 23.037 | F17: Mouse | G17: 13x5 - 5x5 Grids | H17: 85 141 95 134 82 60 129 52 157 46 112 159 146/0 101 24 43 15 104 126 50 91 83 8 103 130/143 65 163 136 156 160 63 87 20 16 89 167 98/17 31 113 145 75 128 21 55 147 61 120 64 109/158 51 58 34 67 79 37 80 96 22 13 35 27/161 47 102 119 4 78 32 121 132 7 76 114 49/135 9 81 12 88 53 117 48 154 151 71 93 41/30 90 131 99 124 1 149 28 137 25 139 39 144/108 38 73 152 125 70 116 26 74 127 36 165 123/62 2 69 94 14 97 166 23 153 6 66 150 45/56 42 133 86 59 40 54 44 107 92 33 115 5/106 18 3 162 110 29 111 142 138 164 10 77 122/19 148 155 118 105 84 72 11 68 57 168 140 100 | I17: LU2RD3LU12RDLURD6LU2RD5LD2U10RD11LULU2RURD4LU10RD2U2LURD10U2LU8RUD11LDU4RD3ULU10RD8LU6LURDLDRULD8LU3RDLURD3LU6RD8LU6RUD7RU11LD11RU8LD7RU7LD5RDU4LD3RU5LULD2LU3LD3RULD2RULD3RDU7LURDLD8RU10LD10RU8LD10RULDRU8LUD8RDU9LD7RU7LD2LD2LURD2LURD3LURD3LU3RD3LU6D2RD2LU8RUD2RD3LD2RDRU3L2D5LU10RD8LU9LD2RDU2LD2RU2RD7LDU7RURD7L2U6L2U2RD2LULD3RULD3RU5LD10RURD2RU9LD9RU6LD5RU5LD3LDU9RUD9LU2LD5RU3LD3RU11LD9RDU10LD9RU7LD6RU5LD4RU5L3U2DRDLDRU2DLD3RULD2RULU3RU2LD9URU2LD3RU7LD8RDU9LD9RU9LD9RU6LD5RURU4LULD5RU3LD2R2URULUL2D2R2DL2UR4DL4UR4DL3UR5DL4UR6LDL2UR4DL3URDUR5LDLUR2DL2UR2DL3RURDL6UR2DL2UR2DL3UR4DL3UR7LDL5UR5DL5DL2DR2ULDRUR4DL3UR3DL5UR7DL2UR2DL3DR2UL3DR2UL2R2DL2ULDR3UL5UL2DL2UR2LDL2UR4DL2DR2UL3DR4UL4DR8LUL4DR3UL4UR7DL6UR8DL7UR5DL5U2RUR4D3L4U2RUR2DRDL2UR2DRL2DLRULDRURD2LU2RDL2DR2U2R2UL2D2R2UL3RDR2UL3DR3DL3U2R3D2L2UL2URDLUR4DL4U2R2DRDL2U2R3DLDLU2R2DLU2RDLUL2D3RURDLURUL3D2R2UL2UR2DLUR2DLDRU2L3D2R2U2LUR2DLURDLDRU2LDLULDRURD2LULDRURDL2U2R2DLULDR2ULDL2UDLDRULURDRULDLDL3UR3DL5UR3UL4DR5UL5DR6UL6DR2DR2UDUDL2UR5UL3DR3UL2R2L5R3DR2UL6DR6UL6DR5DL6UR6DL5DR3DLUR4DL2UR2DL7UR7DL7RUR6DL7RUR3UL3DR2ULUR2LDRD2LUR2ULULD2RDLUR2U3L2DRDRU2L2D2R2DRL2UR2D2L2U2RURD3LU2LUDLRDRUL2DR4DL4U3R2DLDR3ULRL3U2R2D2L2U2R2D2RU2L2D3R2U2LDLDRU2LD2R2UL2URD2LU2LUR2D3LU2RL3UR2DL2DRULD2R2ULUR2DL3DR3UL3UR3DL3UR3DL2UR2UDULDRDLU2LDRUD2LU2LDLUR2DLULDR2ULDLURDL2URDRUL3DRDRU2LDLDRDRU2L2D3R2U2L2D2R2ULU2RULD3RU3LD2LDRURDLULDR2U2L2URDLUD2RURDLU2RDLULD2RU2LRDRULDLURDRULDLURDRUL2DRULU2RLDRULUD2RU2LD2RULD2RULU5RD5LU5RD4RU3LD4LU6RD5LDU7RD6LU6RD5LU3RUD2RDRU2RD5LU2RD2RULDLU5LD4RU5LDLDLU2R2D2RU2L3DRDRDRURURU2L2D2RDRU3L2D2RDRU3LD2LD3RDRU5LD4LU2RD2R2U2DU4RD4LU4L2D4R2U3LUL2D3LUL2DR2ULDR5U2L3D2R5U3RD5RULD3RU2LD2RU2LD2RU5LUD4LDU4R2ULDLU2L2D3R2U3RD4LDU5DRD2LU3RDR3DLURD3LU3RD5LU2RD3LU3RD3LU3RD3ULU3RD2LDULU5RDRD2LU2L2UR3D5LULU4RDRD2L2U2RDRDL2DRUL5RDR2UL3DRUL3DR2UL2DR2ULDR3UL2DR6UL6DR6UL5DR4UL6D2RDR6DL4URUL2DR2UL4DRUL6URLDR4L4DR5UL4DR6UL4DR9UL8DR8UL8UR6LDL4ULR4DL3DRDL6UR2DLUR2DL2UR11DL11RUR10DL9UR9LDL7UR7DL6UR5DL5U3RUR3LDRURD3LDU2LURUR2D3LDU2LULUR3D3LDLU4R2D3LDLU3LD3RU2LDR3DRL4URUR3D2L3U3RDR2DL2ULU2RDLDR3UL3R3LD2U2LDR2ULD2RUL3DRU2LURDLDRUL2D2R3UL3DR3UL3U2RDLDR2URDLULUR2DL2ULDRURD2LU2LD2RULDRURULDRDL2U2R2DLULDRULDL8UR4DL4UR5DL3UR4DL4UR4DL2UR2DLUR2DLURDRUL2DRUL3DR2UL2DR2UL5DRLULDRULDR4UL4DR4UL4DR4UL4D2RD2LU2RDR5ULDR2UL3D2LUR2DL4UR5DL2UR2DL5UR4LUL2DR2DL3UR3DL3U2R2DRULU2R2D2LULDRULD3RU4LD4RU2RUDRD2L2U3RD2LUR3D2L3UR2ULDR2DL2U3L2DRDR3ULUL2DRDRU3RD2LULULR2D3RU3L2DRULD3RU2LDRUL2DR2DL2U2RDR2DL2UL2URDLDRURDR2ULDLU2DL2U2RD2LUR3DL3UR3DL2URDLU2R2DLUL2DRURD2L2U2R2D2LULURDRULDLURDRUL2DLULDR2UL2DRDL2DRU2LD2RU2LD2RURDU2L2D2R2DLURDL2UR2DL2U2RU2LD2RURD2LU2RD2LURUL2D2RU2LUR2D2LU2LD2RURDL2UR2UL2DRU2LURULD2RU2LD2RDLUR2ULUR4DL4UR5DL2DR2UL3DR5UL7DR9UL2DR4UL4DR4UL3UR3L3R3DL4UR4DL4UR3DL4UR4DL9DR10UL8DR7UL7DR6UL6DR6UL4RUR4DLDUL2UR3DLDR2ULURDL4DR2UL2DR3UL2DR2ULURD2LULURDL2UD2R2ULDLUL4URDRDRULURDRUL3DR2UL5DR5UL7DR3DL3UR3DL2UR3DL3UR6UL7DR6UL6DR5UL4DR2UR2DRL3UR4DL2UR2DLURD2LULDLULRURDRULD2RULDULULD2R2UL2UR2DLDLUDRULDRU2LD2RUL2UR2DLULDR2ULDLURDLDLU2RDRULD2LU2RD2LULDRULURDRUL2 | J17: ... | K17: =TEXT(INT(C17/60),"00") & ":" & TEXT(INT(MOD(C17,60)),"00") & "." & TEXT(MOD(C17,1)*1000,"000") -> 03:01.402
A18: 17.05.2022 | B18: Dawidluna | C18: 184.014 | D18: 4224 | E18: 22.954 | F18: Mouse | G18: 13x5 - 5x5 Grids | J18: ... | K18: =TEXT(INT(C18/60),"00") & ":" & TEXT(INT(MOD(C18,60)),"00") & "." & TEXT(MOD(C18,1)*1000,"000") -> 03:04.014
A19: 03.08.2021 | B19: Dawidluna | C19: 195.46 | D19: 4241 | E19: 21.697 | F19: Mouse | G19: 13x5 - 5x5 Grids | J19: https://www.youtube.com/watch?v=EJ0v6RJnADk | K19: =TEXT(INT(C19/60),"00") & ":" & TEXT(INT(MOD(C19,60)),"00") & "." & TEXT(MOD(C19,1)*1000,"000") -> 03:15.460
A20: 14.03.2021 | B20: dphdmn | C20: 197.449 | D20: 4297 | E20: 21.762 | F20: Tablet | G20: 13x7 - 7x7 - 4x7 Grids | J20: https://youtu.be/g2YziTjQ7Pw | K20: =TEXT(INT(C20/60),"00") & ":" & TEXT(INT(MOD(C20,60)),"00") & "." & TEXT(MOD(C20,1)*1000,"000") -> 03:17.449
A21: 17.02.2021 | B21: dphdmn | C21: 207.244 | D21: 4453 | E21: 21.486 | F21: Tablet | G21: ... | J21: ... | K21: =TEXT(INT(C21/60),"00") & ":" & TEXT(INT(MOD(C21,60)),"00") & "." & TEXT(MOD(C21,1)*1000,"000") -> 03:27.244
A22: 03.12.2020 | B22: Dawidluna | C22: 215.945 | D22: 4159 | E22: 19.259 | F22: Mouse | G22: ... | J22: ... | K22: =TEXT(INT(C22/60),"00") & ":" & TEXT(INT(MOD(C22,60)),"00") & "." & TEXT(MOD(C22,1)*1000,"000") -> 03:35.945
A23: 31.10.2020 | B23: soup | C23: 227.08 | D23: 5002 | E23: 22.027 | F23: Mouse | G23: ... | J23: ... | K23: =TEXT(INT(C23/60),"00") & ":" & TEXT(INT(MOD(C23,60)),"00") & "." & TEXT(MOD(C23,1)*1000,"000") -> 03:47.080
A24: 16.06.2020 | B24: Dawidluna | C24: 227.272 | D24: 4188 | E24: 18.427 | F24: Mouse | G24: ... | J24: ... | K24: =TEXT(INT(C24/60),"00") & ":" & TEXT(INT(MOD(C24,60)),"00") & "." & TEXT(MOD(C24,1)*1000,"000") -> 03:47.272
A25: 15.06.2020 | B25: ben1996123 | C25: 227.895 | D25: 4426 | E25: 19.421 | F25: Mouse | G25: 5x5 Grids | J25: ... | K25: =TEXT(INT(C25/60),"00") & ":" & TEXT(INT(MOD(C25,60)),"00") & "." & TEXT(MOD(C25,1)*1000,"000") -> 03:47.895
A26: 05.06.2020 | B26: Dawidluna | C26: 231.025 | D26: 3980 | E26: 17.227 | F26: Mouse | G26: ... | J26: ... | K26: =TEXT(INT(C26/60),"00") & ":" & TEXT(INT(MOD(C26,60)),"00") & "." & TEXT(MOD(C26,1)*1000,"000") -> 03:51.025
A27: 29.09.2016 | B27: ben1996123 | C27: 233.235 | D27: 4318 | E27: 18.513 | F27: Keyboard | G27: 5x5 Grids | J27: ... | K27: =TEXT(INT(C27/60),"00") & ":" & TEXT(INT(MOD(C27,60)),"00") & "." & TEXT(MOD(C27,1)*1000,"000") -> 03:53.235
A28: 29.09.2016 | B28: ben1996123 | C28: 247.628 | D28: 4709 | E28: 19.016 | F28: Keyboard | G28: 5x5 Grids | J28: ... | K28: =TEXT(INT(C28/60),"00") & ":" & TEXT(INT(MOD(C28,60)),"00") & "." & TEXT(MOD(C28,1)*1000,"000") -> 04:07.628

Sheet 14x14 single
A1: Date | B1: Name | C1: Time | D1: Movecount | E1: TPS | F1: Control | G1: Style | H1: Scramble | I1: Solution | J1: Video | K1: Time (Minutes)
A2: 26.03.2025 | B2: vovker | C2: 151.269 | D2: 4493 | E2: 29.702 | F2: Mouse | G2: 14x7 - 7x7 - 4x7 Grids | J2: ... | K2: =TEXT(INT(C2/60),"00") & ":" & TEXT(INT(MOD(C2,60)),"00") & "." & TEXT(MOD(C2,1)*1000,"000") -> 02:31.269
A3: 26.03.2025 | B3: vovker | C3: 155.795 | D3: 4838 | E3: 31.053 | F3: Mouse | G3: 14x7 - 7x7 - 4x7 Grids | J3: ... | K3: =TEXT(INT(C3/60),"00") & ":" & TEXT(INT(MOD(C3,60)),"00") & "." & TEXT(MOD(C3,1)*1000,"000") -> 02:35.795
A4: 26.03.2025 | B4: vovker | C4: 157.071 | D4: 4968 | E4: 31.629 | F4: Mouse | G4: 14x7 - 7x7 - 4x7 Grids | J4: ... | K4: =TEXT(INT(C4/60),"00") & ":" & TEXT(INT(MOD(C4,60)),"00") & "." & TEXT(MOD(C4,1)*1000,"000") -> 02:37.071
A5: 20.03.2025 | B5: vovker | C5: 159.467 | D5: 5224 | E5: 32.759 | F5: Mouse | G5: 14x7 - 7x7 - 4x7 Grids | J5: ... | K5: =TEXT(INT(C5/60),"00") & ":" & TEXT(INT(MOD(C5,60)),"00") & "." & TEXT(MOD(C5,1)*1000,"000") -> 02:39.467
A6: 20.03.2025 | B6: vovker | C6: 161.011 | D6: 4951 | E6: 30.749 | F6: Mouse | G6: 14x7 - 7x7 - 4x7 Grids | J6: ... | K6: =TEXT(INT(C6/60),"00") & ":" & TEXT(INT(MOD(C6,60)),"00") & "." & TEXT(MOD(C6,1)*1000,"000") -> 02:41.011
A7: 20.03.2025 | B7: vovker | C7: 161.755 | D7: 5038 | E7: 31.145 | F7: Mouse | G7: 14x7 - 7x7 - 4x7 Grids | J7: ... | K7: =TEXT(INT(C7/60),"00") & ":" & TEXT(INT(MOD(C7,60)),"00") & "." & TEXT(MOD(C7,1)*1000,"000") -> 02:41.755
A8: 20.01.2025 | B8: vovker | C8: 165.393 | D8: 4970 | E8: 30.05 | F8: Mouse | G8: 14x7 - 7x7 - 4x7 Grids | H8: In replay | I8: In replay | J8: https://www.youtube.com/watch?v=DP1goLhnOqU | K8: =TEXT(INT(C8/60),"00") & ":" & TEXT(INT(MOD(C8,60)),"00") & "." & TEXT(MOD(C8,1)*1000,"000") -> 02:45.393
A9: 09.01.2025 | B9: vovker | C9: 171.659 | D9: 5023 | E9: 29.261 | F9: Mouse | G9: 14x7 - 7x7 - 4x7 Grids | H9: In replay | I9: In replay | J9: ... | K9: =TEXT(INT(C9/60),"00") & ":" & TEXT(INT(MOD(C9,60)),"00") & "." & TEXT(MOD(C9,1)*1000,"000") -> 02:51.659
A10: 09.01.2025 | B10: vovker | C10: 174.76 | D10: 5011 | E10: 28.673 | F10: Mouse | G10: 14x7 - 7x7 - 4x7 Grids | H10: In replay | I10: In replay | J10: ... | K10: =TEXT(INT(C10/60),"00") & ":" & TEXT(INT(MOD(C10,60)),"00") & "." & TEXT(MOD(C10,1)*1000,"000") -> 02:54.760
A11: 14.11.2024 | B11: vovker | C11: 178.09 | D11: 5088 | E11: 28.569 | F11: Mouse | G11: 14x7 - 7x7 - 4x7 Grids | H11: In replay | I11: In replay | J11: ... | K11: =TEXT(INT(C11/60),"00") & ":" & TEXT(INT(MOD(C11,60)),"00") & "." & TEXT(MOD(C11,1)*1000,"000") -> 02:58.090
A12: 14.09.2024 | B12: Daanbe | C12: 183.288 | D12: 5062 | E12: 27.617 | F12: Mouse | G12: 14x7 - 7x7 - 4x7 Grids | H12: In replay | I12: In replay | J12: ... | K12: =TEXT(INT(C12/60),"00") & ":" & TEXT(INT(MOD(C12,60)),"00") & "." & TEXT(MOD(C12,1)*1000,"000") -> 03:03.288
A13: 14.09.2024 | B13: Daanbe | C13: 184.22 | D13: 4689 | E13: 25.453 | F13: Mouse | G13: 14x7 - 7x7 - 4x7 Grids | J13: ... | K13: =TEXT(INT(C13/60),"00") & ":" & TEXT(INT(MOD(C13,60)),"00") & "." & TEXT(MOD(C13,1)*1000,"000") -> 03:04.220
A14: 29.01.2024 | B14: Daanbe | C14: 187.619 | D14: 4747 | E14: 25.301 | F14: Mouse | G14: 14x7 - 7x7 - 4x7 Grids | J14: ... | K14: =TEXT(INT(C14/60),"00") & ":" & TEXT(INT(MOD(C14,60)),"00") & "." & TEXT(MOD(C14,1)*1000,"000") -> 03:07.619
A15: 29.01.2024 | B15: Daanbe | C15: 196.652 | D15: 4889 | E15: 24.861 | F15: Mouse | G15: 14x7 - 7x7 - 4x7 Grids | J15: ... | K15: =TEXT(INT(C15/60),"00") & ":" & TEXT(INT(MOD(C15,60)),"00") & "." & TEXT(MOD(C15,1)*1000,"000") -> 03:16.652
A16: 29.05.2023 | B16: Daanbe | C16: 196.74 | D16: 4716 | E16: 23.97 | F16: Mouse | G16: 14x7 - 7x7 - 4x7 Grids | J16: ... | K16: =TEXT(INT(C16/60),"00") & ":" & TEXT(INT(MOD(C16,60)),"00") & "." & TEXT(MOD(C16,1)*1000,"000") -> 03:16.740
A17: 29.05.2023 | B17: Daanbe | C17: 204.895 | D17: 4958 | E17: 24.197 | F17: Mouse | G17: 14x7 - 7x7 - 4x7 Grids | J17: ... | K17: =TEXT(INT(C17/60),"00") & ":" & TEXT(INT(MOD(C17,60)),"00") & "." & TEXT(MOD(C17,1)*1000,"000") -> 03:24.895
A18: 06.03.2023 | B18: Daanbe | C18: 207.933 | D18: 5268 | E18: 25.335 | F18: Mouse | G18: 14x7 - 7x7 - 4x7 Grids | J18: ... | K18: =TEXT(INT(C18/60),"00") & ":" & TEXT(INT(MOD(C18,60)),"00") & "." & TEXT(MOD(C18,1)*1000,"000") -> 03:27.933
A19: 06.03.2023 | B19: Daanbe | C19: 213.989 | D19: 5174 | E19: 24.178 | F19: Mouse | G19: 14x7 - 7x7 - 4x7 Grids | J19: ... | K19: =TEXT(INT(C19/60),"00") & ":" & TEXT(INT(MOD(C19,60)),"00") & "." & TEXT(MOD(C19,1)*1000,"000") -> 03:33.989
A20: 07.01.2023 | B20: Daanbe | C20: 214.257 | D20: 5434 | E20: 25.362 | F20: Mouse | G20: 14x7 - 7x7 - 4x7 Grids | J20: ... | K20: =TEXT(INT(C20/60),"00") & ":" & TEXT(INT(MOD(C20,60)),"00") & "." & TEXT(MOD(C20,1)*1000,"000") -> 03:34.257
A21: 03.07.2022 | B21: Daanbe | C21: 225.71 | D21: 5236 | E21: 23.197 | F21: Mouse | G21: 14x7 - 7x7 - 4x7 Grids | J21: ... | K21: =TEXT(INT(C21/60),"00") & ":" & TEXT(INT(MOD(C21,60)),"00") & "." & TEXT(MOD(C21,1)*1000,"000") -> 03:45.710
A22: 02.06.2022 | B22: Dawidluna | C22: 228.084 | D22: 5400 | E22: 23.675 | F22: Mouse | G22: 7x7 - 7x4 Grids | H22: 99 117 149 176 20 62 118 40 166 179 144 94 17 114/133 168 84 187 93 172 135 50 105 163 159 77 54 14/6 132 32 171 69 124 67 68 19 33 112 152 192 88/108 151 64 49 18 181 154 26 41 85 31 115 81 150/5 79 169 119 43 16 183 34 122 92 173 155 138 130/35 175 189 101 71 29 53 148 56 161 160 83 87 61/39 9 147 25 57 8 21 38 174 164 184 89 0 140/167 63 136 82 193 143 128 102 182 116 78 125 188 126/47 45 137 46 11 2 76 60 194 153 146 74 156 15/178 109 120 134 98 1 3 111 103 91 37 113 58 97/96 129 23 123 73 186 107 100 127 7 55 90 95 36/158 28 104 185 190 191 121 48 13 10 27 72 22 139/12 59 145 165 170 131 157 44 180 42 51 86 110 75/106 70 80 4 24 65 66 30 141 142 195 162 52 177 | I22: U2LD2RU6LDRU2LD7RU5LD7RU2LD4RULD3RU2LD2RU11LD10RU12LD12RU11LD3RU2LD9RU8LD6RU5LD4RU4RDRDU2LD4RU2LD3RU3LD3RU7LD8RDU9LD9RU2LD4RU2LD2RU2LD2RU12LD11RDU11LD10RU12LD11RDU10LUD9RU8LDLDR2LDLRD3RU5LD3RULD3RU3RDU4RD5LU6RD6LU5RD6LURDRU8LD5RU4LD3RU3LD5RDU4LD3RULD2RU5LD11ULU3RD4LU4RD4LU11RUD12LU10RD10LU9RD7LU6RUD6RU5LUD4RU4LD2RU2LD3RU2DR2ULD5RU4LD6URULD2RU6LD7RU13LD2RU2LD3RDU3LD3RULD9RU11LD9RDU10LD10RU8LUD9RU3LD2RU5LD4RU3LDRUDRU5RU2LD3RU3RD4LU2RD2LU4RD9ULU6RUD8LU9RD3LURD10LU3RD4LU4RD4LU4RD4LU12RD10LDU7LD2RDU3LD3RDU6RD10ULU8RD8LU3RD2LU5RD3LU4LU2RDRD4L2U3RD2LU2RU2R2UDU2RD3LU2RD7LU2RD3LU3RD5LU2RD2LU6RD7LU7RD7LU9RD9LU13RD13U7LU2RU4D12LDU6LU5RURD4LU3LD3RU3LD5RU2RD6LU7RD7U8D8LU7RD6LU6RUD5LU5LD3RU2LD2RU2LD3RURDL2DL2UR3DL4UR5DL7UR2DL3UR7DL9UR2DL3ULDLUR5DL5UR12DRL12UR10DL9UR4DL3UR8DL8RUR6DL5UR3DL4DLDL2UR5LDLUR7DL4UR6DL6URDL2UR5DRL12RUR9DRL9RUR7DRL8UR6DRL6UR4DL2D2L3DR4ULDR3ULDR2UL3DR4ULDR3UL2UR2DL6UR4DL6UR6DLUR3DL3UR2DL12RUR10DL11UR3UR4D2L7UR7ULDR4UL5DR4DL9DR12UL10DR9UL8DR7UL7DR7UL6DR4UL3UR2URLU2RDLDR3D2U3LD4RULDRU4LD4RU6LD3LU2LD4RULD2RULDRU5RD4RU4LD3RDURURDRU3LUL4DLD4RUR2U3L2D2RDR2U3L4D2RULD2R6U4LD3RU2L5DLDR3DL2DR4UL5DRDRU2L2DR3LUL2DR3UL3DR6UL4UR4DL4DRDR3U2L3UR2D3RU3LDL3DR2UL2UR3DL2DLRDL2URURD2RULDR2ULULD2R2UL2RDL2UR2DLU3LDL2DR2ULDR2ULD2RU3RD3L2U3R2D2L2U2L2D2R3UL2UR2DLD2LU2RD2RU2LULDLURD3LU2R2D2L2U2RDRUL2DRULUR2DLUDULD2RU3R3U2L2DLRDRULULDLDRDLUR2UL2D2RU2RUL2DRURDLUR2DLUR4DLDRUL4UR4DL2DR2UL4URDLDR3UL3DR3UL2DRU2RD2LU2L2DRDLURDRULULD2R2UL2DRL3U2R3DL2URD2RU2L2DLDU2RD2RU2LDLDRULURDL2UL2DR3URDLUL2DR2ULDR2UL2D2LU2LD3RULD2RULD3RU2LD2RU6RD4LU4LD3LU3RD5LDU6RD6LURDLU5RD5LU4RUD3RU3LUL3D6RU5DL2U2RD6LU5RURD6LU4LU2RD6RU4LUDLURD5LU6DRD4LU4R2URD2LU2LD4RU4LD4RU4RD3LU2RDRD2L3UR2LDL2DRU2R3DL4UR2DL2UR4DLUR2DL3UR4DL3UR3DL2DLULRUR2D2LRDRU3LDLURD3RU2L6DU2R3DR3UL3DLDL2URDLDR2UL2DR3UL2DR4UL3UR2DLU2R2DLDLU2R2DL2D2RUL2DL2U3R4D2L2UR2DL2DLU2R2D2RU2L2DRU2RD2L2U2LD3RURDLU3RD2L2U2R2DLD2LU3LDRULD3RU2RD2LU2LURDLDR2UL2DR2ULDLU2R2DLULD2RU2LD2RULURU2RDLULDRDLU2RURD2R2UL4UR5DL5URDLUR2DL2UR5DL3DR4UL3UR3DL3DRUL2DRULDR3UL2DR2ULURD2LUL4UR3DL2UR2L2DLRDR3UL2DRU2RD2L2ULDR2UL3DRULUR3DL3UR2D2RU2L3DRULD2R2UL2UR2DLDRU2L2D2RU2LD2RULU2RD2LURULD2RU2LU3RUR2D2LU2DRUD2LU2LD2R2ULULD2R2ULULD2RDRU3LD2RUL2DRDRU2L2D2R2ULULD2R2ULUL2D3RULDURDLDRU2LD2RULURDLUR5DLURURDR3DL9UR12DL3UR2DRL12UR13DL12UR10DL10RUR7DL7RURUR2DRDLULURU3RULDR7UL5DR5ULDRUL8DR8UL11DR2UL3DR12UL11DR10UL10DR9UL6DR5L6DUR6UL5DLD2R2UL2DR4ULDR2ULDRDL2RUR4DLUR2UL13DR13UL13DR13UL13UR10DL10DR13UL13DR12UL11DR3DR4UR3UL8DR7UL5UR2DL2D2L2DUL3DR2DRURULDR2UL4UR6DL4UR5DL4UR5DL4UR4DL3R3ULDRULDLURDL2URD2R2U2LU2LDRULD2RU3LD5RU5LD5RU3RUDR2UD4RDRU2LD2RU4LD2LU3RD5LU4RUD4RU3LUD4RU4LD2RU2L2DL2U2LD3RLDRULDRU2LDRU2L2D2R2UR3DLDL2UL2R2LDLURDLUR2DL2RDR4UL3DR4UL4RDR3UL3RDR2ULULD2RULRD2RU2LD2LU3R2D3LULU2L2DRUR2DL2DR2ULD2L4URURD2LU2R2D2LUR2DRUL2DRULU2R2D2L2UL3D2RLU2R2DLDLU2RD2RUL2UR4DL2URDLU2R2DL2DRLURDL2DRL2U2R3DL3U2RDRD2RU2LDLULRURD2LU2R2DLD2LU2LD2RU2LD2RU2LDR2DL2URULDRU2RD2L2R2ULURD2LULU3R3DR3U2L2DLDR2ULULDLRDRU2L3DLDRDLDRU2LDRDLU2R2U2L2D2R3ULULD2RUL2DRDLU3R4DL2RDR2UL3DR4UL4DR4UL4DR3ULDURDRUL2DRU2RD2LUL5URLDUR3DL3UR2DLUR3DL2DR3UL2DRU2RD2L2ULURDLDR2UL2DR2UL4UR2DL2UR2D2L2U2R3DL2UD2RU2RD2LULURDLDRULDLURLUR2D2LULURDLDRULRUL2DR2ULDLUR2DLUL3DLD3RU2L2RDRULURDRULUR2DLURDRUL2RDULDURD4LU4RD2LU2RD5LU3RD4LURDULU5RD6LU6RD6ULU2RD2LU5DLURL2D3RDU3LDU2RDLD2RU2LD4RDRUL2DRU2DU3LD3RUDRULDRU2L2DRULD2RU5RDRD2LDLU3LD3RU3L2DLULD3RULD2RU5LD2RU2LD4RDU4RD5LU3RD2LU5RDRD2L2U2R2DRDL3ULDR4ULDL3DRDR5DL3UR2DL2U2R2DRULD2RULDLUDR2ULDLU3R2D2L4DR2UL2DRUL2DR2UL3RUR4DL5UR2DLUR4DL3ULUR4D2L2U2DRD2RU2LULDLD2LULDR4UL3DR2L2U2RURDRDL2URDRULURD2L2ULDR2U2L2D3R2UL2DR2U2LDLU2RD3RU3LD2L2R2UL2D2RURL2U2R2DL2URDLDR2UL2DRU2LURD2LURULD2RU2LDRU3R2DL2UR2DLDR4UL5DRULDR5UL4DRU2R3DLDRU2LDL2DR2UL2DR2ULURD2LULUL3DRURDLUR3DL2UR2DLDRULUL2D2LU2RDRDRLU2RDRUL2DLDRUL2UR3DL2URDL2DRULUR2DLDRUL2DRULURD2LURUL | J22: ... | K22: =TEXT(INT(C22/60),"00") & ":" & TEXT(INT(MOD(C22,60)),"00") & "." & TEXT(MOD(C22,1)*1000,"000") -> 03:48.084
A23: 01.06.2022 | B23: Daanbe | C23: 238.328 | D23: 5622 | E23: 23.589 | F23: Mouse | G23: 14x7 - 7x7 - 4x7 Grids | J23: https://www.youtube.com/watch?v=eSZ23uVKRls | K23: =TEXT(INT(C23/60),"00") & ":" & TEXT(INT(MOD(C23,60)),"00") & "." & TEXT(MOD(C23,1)*1000,"000") -> 03:58.328
A24: 18.05.2022 | B24: Dawidluna | C24: 241.751 | D24: 5365 | E24: 22.192 | F24: Mouse | G24: 7x7 - 7x4 Grids | J24: ... | K24: =TEXT(INT(C24/60),"00") & ":" & TEXT(INT(MOD(C24,60)),"00") & "." & TEXT(MOD(C24,1)*1000,"000") -> 04:01.751
A25: 17.05.2022 | B25: Daanbe | C25: 246.118 | D25: 5414 | E25: 21.997 | F25: Mouse | G25: 14x7 - 7x7 - 4x7 Grids | J25: https://www.youtube.com/watch?v=jw0HTzvZz1k | K25: =TEXT(INT(C25/60),"00") & ":" & TEXT(INT(MOD(C25,60)),"00") & "." & TEXT(MOD(C25,1)*1000,"000") -> 04:06.118
A26: 08.05.2022 | B26: Dawidluna | C26: 250.229 | D26: 5535 | E26: 22.119 | F26: Mouse | G26: 7x7 - 7x4 Grids | J26: ... | K26: =TEXT(INT(C26/60),"00") & ":" & TEXT(INT(MOD(C26,60)),"00") & "." & TEXT(MOD(C26,1)*1000,"000") -> 04:10.229
A27: 03.08.2021 | B27: Dawidluna | C27: 268.289 | D27: 5612 | E27: 20.917 | F27: Mouse | G27: 7x7 - 7x4 Grids | J27: https://youtu.be/_wnOMJO2_ZQ | K27: =TEXT(INT(C27/60),"00") & ":" & TEXT(INT(MOD(C27,60)),"00") & "." & TEXT(MOD(C27,1)*1000,"000") -> 04:28.289
A28: 17.02.2021 | B28: dphdmn | C28: 268.459 | D28: 5574 | E28: 20.762 | F28: Tablet | G28: 14x7 - 7x7 - 4x7 Grids | J28: https://youtu.be/7s8bePDf3hc | K28: =TEXT(INT(C28/60),"00") & ":" & TEXT(INT(MOD(C28,60)),"00") & "." & TEXT(MOD(C28,1)*1000,"000") -> 04:28.459
A29: 12.06.2020 | B29: Dawidluna | C29: 277.427 | D29: 5454 | E29: 19.659 | F29: Mouse | G29: 7x7 Grids | J29: https://www.youtube.com/watch?v=DPHKV8Oozgw | K29: =TEXT(INT(C29/60),"00") & ":" & TEXT(INT(MOD(C29,60)),"00") & "." & TEXT(MOD(C29,1)*1000,"000") -> 04:37.427
A30: 14.12.2019 | B30: ben1996123 | C30: 288.435 | D30: 5458 | E30: 18.922 | F30: Keyboard | G30: 5x5 Grids | J30: ... | K30: =TEXT(INT(C30/60),"00") & ":" & TEXT(INT(MOD(C30,60)),"00") & "." & TEXT(MOD(C30,1)*1000,"000") -> 04:48.435
A31: 11.09.2016 | B31: ben1996123 | C31: 305.505 | D31: 5200 | E31: 17.02 | F31: Keyboard | G31: 5x5 Grids | J31: ... | K31: =TEXT(INT(C31/60),"00") & ":" & TEXT(INT(MOD(C31,60)),"00") & "." & TEXT(MOD(C31,1)*1000,"000") -> 05:05.505

Sheet 15x15 single
A1: Date | B1: Name | C1: Time | D1: Movecount | E1: TPS | F1: Control | G1: Style | H1: Scramble | I1: Solution | J1: Video | K1: Time (Minutes)
A2: 13.04.2025 | B2: vovker | C2: 181.516 | D2: 5854 | E2: 32.251 | F2: Mouse | G2: 15x8 - 8x8 - 4x8 Grids | J2: ... | K2: =TEXT(INT(C2/60),"00") & ":" & TEXT(INT(MOD(C2,60)),"00") & "." & TEXT(MOD(C2,1)*1000,"000") -> 03:01.516
A3: 13.04.2025 | B3: vovker | C3: 181.771 | D3: 5796 | E3: 31.886 | F3: Mouse | G3: 15x8 - 8x8 - 4x8 Grids | J3: ... | K3: =TEXT(INT(C3/60),"00") & ":" & TEXT(INT(MOD(C3,60)),"00") & "." & TEXT(MOD(C3,1)*1000,"000") -> 03:01.771
A4: 13.04.2025 | B4: vovker | C4: 183.499 | D4: 5846 | E4: 31.858 | F4: Mouse | G4: 15x8 - 8x8 - 4x8 Grids | J4: ... | K4: =TEXT(INT(C4/60),"00") & ":" & TEXT(INT(MOD(C4,60)),"00") & "." & TEXT(MOD(C4,1)*1000,"000") -> 03:03.499
A5: 13.04.2025 | B5: vovker | C5: 187.606 | D5: 6015 | E5: 32.061 | F5: Mouse | G5: 15x8 - 8x8 - 4x8 Grids | J5: ... | K5: =TEXT(INT(C5/60),"00") & ":" & TEXT(INT(MOD(C5,60)),"00") & "." & TEXT(MOD(C5,1)*1000,"000") -> 03:07.606
A6: 08.04.2025 | B6: vovker | C6: 188.291 | D6: 6015 | E6: 31.945 | F6: Mouse | G6: 15x8 - 8x8 - 4x8 Grids | J6: ... | K6: =TEXT(INT(C6/60),"00") & ":" & TEXT(INT(MOD(C6,60)),"00") & "." & TEXT(MOD(C6,1)*1000,"000") -> 03:08.291
A7: 24.03.2025 | B7: vovker | C7: 190.037 | D7: 6010 | E7: 31.625 | F7: Mouse | G7: 15x8 - 8x8 - 4x8 Grids | J7: https://www.youtube.com/watch?v=WQ60MqKu2CM | K7: =TEXT(INT(C7/60),"00") & ":" & TEXT(INT(MOD(C7,60)),"00") & "." & TEXT(MOD(C7,1)*1000,"000") -> 03:10.037
A8: 23.02.2025 | B8: vovker | C8: 202.896 | D8: 5991 | E8: 29.527 | F8: Mouse | G8: 15x8 - 8x8 - 4x8 Grids | H8: In replay | I8: In replay | J8: https://www.youtube.com/live/cKUH5t35joc?t=2868 | K8: =TEXT(INT(C8/60),"00") & ":" & TEXT(INT(MOD(C8,60)),"00") & "." & TEXT(MOD(C8,1)*1000,"000") -> 03:22.896
A9: 09.02.2025 | B9: vovker | C9: 204.897 | D9: 6106 | E9: 29.8 | F9: Mouse | G9: 15x8 - 8x8 - 4x8 Grids | H9: In replay | I9: In replay | J9: ... | K9: =TEXT(INT(C9/60),"00") & ":" & TEXT(INT(MOD(C9,60)),"00") & "." & TEXT(MOD(C9,1)*1000,"000") -> 03:24.897
A10: 09.01.2025 | B10: vovker | C10: 205.734 | D10: 6153 | E10: 29.907 | F10: Mouse | G10: 15x8 - 8x8 - 4x8 Grids | H10: In replay | I10: In replay | J10: ... | K10: =TEXT(INT(C10/60),"00") & ":" & TEXT(INT(MOD(C10,60)),"00") & "." & TEXT(MOD(C10,1)*1000,"000") -> 03:25.734
A11: 06.01.2025 | B11: vovker | C11: 214.699 | D11: 6156 | E11: 28.672 | F11: Mouse | G11: 15x8 - 8x8 - 4x8 Grids | H11: In replay | I11: In replay | J11: ... | K11: =TEXT(INT(C11/60),"00") & ":" & TEXT(INT(MOD(C11,60)),"00") & "." & TEXT(MOD(C11,1)*1000,"000") -> 03:34.699
A12: 14.11.2024 | B12: vovker | C12: 227.421 | D12: 6302 | E12: 27.71 | F12: Mouse | G12: 15x8 - 8x8 - 4x8 Grids | H12: In replay | I12: In replay | J12: ... | K12: =TEXT(INT(C12/60),"00") & ":" & TEXT(INT(MOD(C12,60)),"00") & "." & TEXT(MOD(C12,1)*1000,"000") -> 03:47.421
A13: 27.04.2024 | B13: Daanbe | C13: 228.327 | D13: 6200 | E13: 27.154 | F13: Mouse | G13: 15x8 - 8x8 - 4x8 Grids | H13: In replay | I13: In replay | J13: ... | K13: =TEXT(INT(C13/60),"00") & ":" & TEXT(INT(MOD(C13,60)),"00") & "." & TEXT(MOD(C13,1)*1000,"000") -> 03:48.327
A14: 13.04.2024 | B14: Daanbe | C14: 236.059 | D14: 6092 | E14: 25.807 | F14: Mouse | G14: 15x8 - 8x8 - 4x8 Grids | J14: ... | K14: =TEXT(INT(C14/60),"00") & ":" & TEXT(INT(MOD(C14,60)),"00") & "." & TEXT(MOD(C14,1)*1000,"000") -> 03:56.059
A15: 30.05.2023 | B15: Daanbe | C15: 237.089 | D15: 5889 | E15: 24.838 | F15: Mouse | G15: 15x8 - 8x8 - 4x8 Grids | H15: ... | I15: ... | J15: https://www.youtube.com/watch?v=l85WxM3HjVE | K15: =TEXT(INT(C15/60),"00") & ":" & TEXT(INT(MOD(C15,60)),"00") & "." & TEXT(MOD(C15,1)*1000,"000") -> 03:57.089
A16: 28.05.2023 | B16: Daanbe | C16: 248.275 | D16: 6405 | E16: 25.798 | F16: Mouse | G16: 15x8 - 8x8 - 4x8 Grids | J16: ... | K16: =TEXT(INT(C16/60),"00") & ":" & TEXT(INT(MOD(C16,60)),"00") & "." & TEXT(MOD(C16,1)*1000,"000") -> 04:08.275
A17: 27.05.2023 | B17: Daanbe | C17: 255.013 | D17: 6443 | E17: 25.265 | F17: Mouse | G17: 15x8 - 8x8 - 4x8 Grids | J17: ... | K17: =TEXT(INT(C17/60),"00") & ":" & TEXT(INT(MOD(C17,60)),"00") & "." & TEXT(MOD(C17,1)*1000,"000") -> 04:15.013
A18: 29.01.2023 | B18: Daanbe | C18: 257.768 | D18: 6297 | E18: 24.428 | F18: Mouse | G18: 15x8 - 8x8 - 4x8 Grids | J18: ... | K18: =TEXT(INT(C18/60),"00") & ":" & TEXT(INT(MOD(C18,60)),"00") & "." & TEXT(MOD(C18,1)*1000,"000") -> 04:17.768
A19: 11.08.2022 | B19: Daanbe | C19: 262.729 | D19: 6655 | E19: 25.33 | F19: Mouse | G19: 15x8 - 8x8 - 4x8 Grids | J19: ... | K19: =TEXT(INT(C19/60),"00") & ":" & TEXT(INT(MOD(C19,60)),"00") & "." & TEXT(MOD(C19,1)*1000,"000") -> 04:22.729
A20: 07.07.2022 | B20: Daanbe | C20: 271.455 | D20: 6709 | E20: 24.714 | F20: Mouse | G20: 15x8 - 8x8 - 4x8 Grids | J20: https://www.youtube.com/watch?v=9Tt_dcW5JXk | K20: =TEXT(INT(C20/60),"00") & ":" & TEXT(INT(MOD(C20,60)),"00") & "." & TEXT(MOD(C20,1)*1000,"000") -> 04:31.455
A21: 03.07.2022 | B21: Daanbe | C21: 272.278 | D21: 6402 | E21: 23.512 | F21: Mouse | G21: 15x8 - 8x8 - 4x8 Grids | J21: ... | K21: =TEXT(INT(C21/60),"00") & ":" & TEXT(INT(MOD(C21,60)),"00") & "." & TEXT(MOD(C21,1)*1000,"000") -> 04:32.278
A22: 29.01.2022 | B22: Dawidluna | C22: 277.661 | D22: 6753 | E22: 24.321 | F22: Mouse | G22: 15x5 - 5x5 Grids | H22: 181 187 111 43 159 59 46 35 96 217 31 17 32 176 10/6 23 135 220 113 144 145 9 78 122 186 53 129 112 119/91 162 89 143 152 215 37 3 8 64 22 177 172 214 86/55 99 62 202 203 189 194 133 120 132 127 39 97 163 147/205 210 87 115 45 128 141 110 66 182 90 21 188 192 131/211 158 195 4 209 137 169 184 77 92 160 191 94 164 103/207 193 67 80 125 7 50 51 40 29 198 14 130 165 65/16 42 30 146 63 121 54 109 11 174 60 105 199 222 41/1 204 13 106 221 49 15 149 208 0 34 73 57 148 114/116 139 118 117 224 38 28 104 33 108 201 185 219 140 223/178 200 134 85 47 69 150 98 171 218 102 56 123 44 138/19 61 136 18 48 88 75 157 74 71 24 151 83 27 173/213 166 107 154 124 197 190 84 81 126 72 26 58 12 36/170 161 93 70 196 153 52 82 100 25 206 180 179 212 76/156 216 142 2 183 5 95 79 175 167 155 168 20 68 101 | I22: U4L4U2RD5LU3LDRU3LD7U2RU5LD8RU4LD4RU3LD3RU3LD4RU8RDLULD9RDU4RUD5LDU6RDLDU5LUD6RURD5LU10LD3RU3LD3RULD9RU10LUD12RULDRU8D8U12LD12RU10LD9RU8LD7RU6LD5RU7RUD2RU3RD2LU2RD5LU2RD5LU5RD5LU9LD11RU11LUD14RU12LD11RU8LU3D9RU7LUDLD3RD3RU7R3D2LDU2RD2LDU7LD7RU6LD8RDU2LD2RDU9LD10RU10LD11RU2LD2RU3LD4RULDLU8RD8LU7D2RD3U2RU7LD2LD2R2UDLDRU3LD8RU4LD2RU4LDLDRD2RU7R2D5UDLU2RD4LU4RD6LU2RD3LURDLU3RD3LU7DRD5LDU6RD4LU5D2RD2L2U3RD2R2UDRU4LD2RU2LD5RU6LD6RDU7LD7RULDRU9RU3LDLDRU2RDLULD4RU2LD11RU2LD2RU12LULD10R2U9LUD12RU2LDRU9LDLD4RD4RULDRU3LD2RU6LU2LD8RDRU9LDRUR2U2LD5RU2LD3RU6LD7RU6LD6RDU3LD3RU6LD9RU2LD2RDU10LD10RDU10LD9RDU10LD10RU2LD3LU10RUD11LU9RD8LU8RD7LU6RD4RU8DRDRDU2RD2LU2RD3LURD3LU2RD3LDU4LD5RU5D6U6DLD5RU3LD3RU6LD8RURDLU3RD3LU11DRD8LD2U10RD9LDU9RD6LDU6LUD9LU8RD8LU8RD7LDU7RD4RU4LUD4RU2L2D3R3UL13DR3ULDRUL3DR2DR2URUL3DR4UL3DR3UL2DRDR2URUL4DRDR6U2L6DR7URL7RDR6UL2DR2UL4DR3URL6DR4UL4DLDRD2RUL2DR4LULDR5UL4DR4UL5UR5DL2URDL11URDLDL2U2RDLUR7DL6DLR13UL10DR11UL13DLR11URL10DL2R12URL8DL3U2R12LDL10RUR8DL7UR2UR3DR2DL2DL3ULU2R2URDRD2L2U3R3D2R2U2RDLULD4RU2RD2LU4RD4LU3LD3RU3LDLD2URDRU2L3D2RU2LD2R2UL2DR2U2LDRUL2UR4DL4UR4DL4U2R3D3RU2LDLU2RD2LU2R2DL2DRDLUL2U2RD2LDRULURDLDRUR2UL3DRULDR3UL2DRU2RD2L2U2LD2RU2LD2RURDL2URULDRURDLULDRULDL3D2RULURDRULURDRULDL2UR2DL3URDL2URDL2UR4DL4UR3DL3DLR3DURDLUDLRURDL3UR5DL2DR2ULDRUL4DR4UL6DR5URL7UR7DL8UR4ULDLUL3DR2UL2DR4UL3DR7UL6UR5DL3DL2R6DL8UR8DL8RDR6U2L3DL2R5L4UR3DL2ULDRURDLDR2U2RDRUL2U2LD2RULD3R2UR2UL3D2R2ULUL2D2R2ULUR3DL4UR4DL4UR2UR2D2L3U2R3D2LU3RDLUL2D2RU2RD2LU2LD3RU3LD3RU2LDR2DL2ULURDLDRU2RDRUL2URDLUR2DLULD2LURDLU2R2D2LULUR2DL2UR2DL2UL2DLDR2U2RDL3UR2DLURDRUL2D3RU2LD2RU3LD4RU3LD2RU2L2D2R2U2L2DL2D2R2UL2DR3U2L2DRURL2UR3DL4DR4UL4RDR3U2LDLDR2ULRDULULD2R2UL2RDLURDRULDRULDLU2R2D2L2U3R2D2LULULDRURDLD2R2U2LDLURD2LUL2U2RDLUR2D2LULD2R2ULUR2DL3DR3U2L3UR2DL2UR2D2RU2L2D2LUR2UL2D2RURUL2DR2UL2U2RDR4UL3DR2UL3DR2UL3DR2UL2D2RU4LD2RU2LU3RU2LD2RU2LD2RU3LD4UD6RU6LD2RU4LUD8RU7LD7U7D6RU5LD4RU4RDRULD4RU5LD7RU2DLDRU5LD4RU6LD6RU7DLD7RU2LD2RU3LDRU4LD3RU2LUL2D3R4ULDRU2RDU3LD3RDU4RD4LU2RD4LULD2RU2LD3RU9LD8RU7LUD7RU5LD4RDU4RUD4RU2LD5RULDRU2LD2RU8LD7RU8LD4RU4LD6RU5LUD5RU3LULDLD3R3U3RURUD4RULD5RU7LD8RU8LD5LU6RD2LU2RD7LD2U9D9U9RD9LU3RD2ULU6RD7ULU5RD6LU2RD2LU3RD2LU5LUDLRDRULD2RURD2LU2RUR2D2RU2LD7RU2LD2RU5LD4RU4LD3RU6LD6LU4RD2RU4LD5RDU7RD6RU4LD4RU3LD4RU2LD4RU2LDRULD2LU9RD8LU7RD7LU6RD4LU2R2DL3URURDRDL4DR3ULDR2UL7DRUL2DRUL4DRUL4DR2URL3DR5UL4DR5UL4DR12UL13DLR11DL5UR7DL7ULR9UL10DR10UL10DR9URL8DR7UL6DR5UL5D2RDL2DR3UL5DLUDUR3DL3UL2URDL2DR4UL2DR4ULDR5UL8DLR10UL7DLR9UL7DLR9LULDR3ULRL3UL3DL4DR10UL2DR2UL8DR3ULURDL2DR6UL5DR4U2L3D2RU2DRULU2R4D2U2LRDLURD2LU2RD3LULD2RU2RDL3UR2DL3U2R2D2R2UL3D2R2UL3U2RD2LUR2DLUR3DL4DR4UL4DR4UL4UR4DL4UR4ULUL3DRDR3UL2DRULDRDRUDUL2URD2URULD2LU3R2D3LU2LD2RUL2DLR3U2L3D2R3UL2URDL2UR3DL3UR2DU2RD2LUL2URLDURDLUR2DLDRUL2UR2DLUL2DR2ULDLUR2DLUL2D3RULURDLU2RDRUL2RDL2UR2DL4UR3DL3UR4DL2URDL4URDL5UR4LDL3UR4DL2UR4DL6UR9LDL7UR8LDL6UR6L5R5LDL5D2URDLUR6DLURDL2UR3DL4UR4DL6R2DR3UL7DRULDR7UL8DR8URL9RUR9L3DL5UR6DL6UR5UL2DRUL2DRDLDRU2R3U2RD3LU3RD4LU3RD3LU3L3URDLDRULD3URULD2RULDR3U3L2D3R2UL3UR3LDRDLURUL2DRULUR3DL2URD2RU2L2URDLUR2DLULD3RU2LD2RU2L2URD2LULUR2D2LUR2DL3DR3UL3DR3U2LDRUL3UR3DL2UR2DLURDLULD2R2UL3URLD2RU2LDRULD2RURULDRUL2DRURDLULDL4R3DLULUR2DRUL2D3RU2L4UR2DL2DRDU2LD2RU2D3LRU2RDLUR2D2LURU2L2DLD2R3UL3URURD3RUL2UR3D2LULUR2DL4DR4U2L2U2R2DL4DRDR2URUL2DLU2D2RDR2U2LD2LU2L2URDLDR2DLULUR3D2LUL2URDLDRULURDR2UL2ULD2R3UL2DR2ULURD2L2U2LD2R2UL2DR2ULULDRURDLULU2R6UR2DLULUD2RDLU2LD2RUL2DRULULDLRDRULULDLDR2UL2DRUL2D2RU3R3DRL2UL2DR2ULDLDR4UL4DR7UL3DR5UL7DR3UL3DR8UL7DR8UL7DR7UL6DR6UL4DR6ULDRUL2DR2UL3ULUR2UL3RDLUL9DRDRU2L2DR3UL3DR3UL2DRDR3UR2URL2DR2UL2RDRUL7RDR7UL7DLR13ULDRUL12DR12UL11DLR3DL2UR9LDL7RUR7DL7RUR7DLUR2DLURDL9RUR8DL7UR7UL8DR8UL8DR7UL6D4R6UL6DR5U2L5DRDR3U4L3D2R2UDUDL2UR2DRULD3RU2RURD2LU2LD2RDLURUL2DUR3D2LU2R2ULD2RU2LDLDR2UL3DR3DL3ULDUR2UL2D2RU2R3ULD2LULURD2R2ULDLU3R2D2LULD2RU2L2D2ULR2URD2LURUL3DRLURURDRD2LURUL3DRULD2RULDR2UL2UR3DL3URULDR3UL3DR3DLURUL2D2RUL2UR2DLDRUL2DRULUR2DL2UR2DLUL2DR2ULDLUR2DLUL4DLD3URUD2UL3DRULURDRUL2UR2DRULUR3DL2UR3LDLUR2DLURDRUL6DRUL3DR6UL6DR7UL9DR7URL8DR3UL2DLR8UL2DR2UL6DR2UL2DR5UL5DLDRDL2U2RDRDLDR3ULDR3UL2DR3ULDR2UL6DR7UL9DR9UL9DR9UL3UR2DL2UR2DL3UR2DL6DR6UL5DR4URL4U2R2ULD2RD2RU3LD3RU2LUD3RU2RU2LD3RU2LD2RU2L2D2R2UL2DR2DL2UR3URU2L2D2RDRU2LD2RU2LDLDR2DL2UR2DL2U2RDRLU2RDLULD2L2UR2DLURDR2UL3UR2DL2R3ULURD2LU2LDRDLUDULD2R2U2L2URDLDLDR2U2LD2RUDLULDR2URU2L3DRDR2ULDLULDRLRULURDLUR2D2LURULDLUR2DLULDR2ULDL5DLD2RULURDRULURDURLUR2DLDLU2RD2RULURDRUL3D2RU2LD3RU2L2D2R2UL2RD2RULULDRDLU2LDRU3RDRLDLURD2L2DUR2UL2D2UR2UL2DRLURDLDRURU2LDLDR4DL4U3R3DURD2LU2LDLU2R3D2L3RDR2ULURD2L2U3LDLRDRULDRDLU2LUR2DLDLUR3D2L2ULDRU2LDR2ULDRURDLU2RDLULDRUL2DR2LURD2L2URUL | J22: https://youtu.be/NJuHgbJx2fc | K22: =TEXT(INT(C22/60),"00") & ":" & TEXT(INT(MOD(C22,60)),"00") & "." & TEXT(MOD(C22,1)*1000,"000") -> 04:37.661
A23: 16.05.2021 | B23: dphdmn | C23: 293.643 | D23: 6527 | E23: 22.227 | F23: Tablet | G23: 15x5 - 5x5 Grids | J23: https://www.youtube.com/watch?v=WYPoqcKIXKA | K23: =TEXT(INT(C23/60),"00") & ":" & TEXT(INT(MOD(C23,60)),"00") & "." & TEXT(MOD(C23,1)*1000,"000") -> 04:53.643
A24: 14.03.2021 | B24: dphdmn | C24: 301.022 | D24: 6715 | E24: 22.307 | F24: Tablet | G24: 15x5 - 5x5 Grids | J24: https://youtu.be/nneA_n6bHKU | K24: =TEXT(INT(C24/60),"00") & ":" & TEXT(INT(MOD(C24,60)),"00") & "." & TEXT(MOD(C24,1)*1000,"000") -> 05:01.022
A25: 13.03.2021 | B25: dphdmn | C25: 306.253 | D25: 6804 | E25: 22.216 | F25: Tablet | G25: 15x5 - 5x5 Grids | J25: ... | K25: =TEXT(INT(C25/60),"00") & ":" & TEXT(INT(MOD(C25,60)),"00") & "." & TEXT(MOD(C25,1)*1000,"000") -> 05:06.253
A26: 13.03.2021 | B26: dphdmn | C26: 313.997 | D26: ... | E26: ... | F26: Tablet | G26: 15x5 - 5x5 Grids | J26: ... | K26: =TEXT(INT(C26/60),"00") & ":" & TEXT(INT(MOD(C26,60)),"00") & "." & TEXT(MOD(C26,1)*1000,"000") -> 05:13.997
A27: 16.02.2021 | B27: dphdmn | C27: 318.987 | D27: 6593 | E27: 20.668 | F27: Tablet | G27: 15x5 - 5x5 Grids | J27: ... | K27: =TEXT(INT(C27/60),"00") & ":" & TEXT(INT(MOD(C27,60)),"00") & "." & TEXT(MOD(C27,1)*1000,"000") -> 05:18.987
A28: 01.11.2020 | B28: soup | C28: 321.46 | D28: 6806 | E28: 21.172 | F28: Mouse | G28: 15x5 - 5x5 Grids | J28: https://youtu.be/tY9ZIvdE7uc | K28: =TEXT(INT(C28/60),"00") & ":" & TEXT(INT(MOD(C28,60)),"00") & "." & TEXT(MOD(C28,1)*1000,"000") -> 05:21.460
A29: 01.11.2020 | B29: soup | C29: 330.677 | D29: ... | E29: ... | F29: Mouse | G29: 15x5 - 5x5 Grids | J29: ... | K29: =TEXT(INT(C29/60),"00") & ":" & TEXT(INT(MOD(C29,60)),"00") & "." & TEXT(MOD(C29,1)*1000,"000") -> 05:30.677
A30: 23.06.2020 | B30: Dawidluna | C30: 338.037 | D30: 6455 | E30: 19.095 | F30: Mouse | G30: ... | J30: ... | K30: =TEXT(INT(C30/60),"00") & ":" & TEXT(INT(MOD(C30,60)),"00") & "." & TEXT(MOD(C30,1)*1000,"000") -> 05:38.037
A31: 08.12.2019 | B31: ben1996123 | C31: 344.656 | D31: 6267 | E31: 18.183 | F31: Keyboard | G31: 5x5 Grids | J31: ... | K31: =TEXT(INT(C31/60),"00") & ":" & TEXT(INT(MOD(C31,60)),"00") & "." & TEXT(MOD(C31,1)*1000,"000") -> 05:44.656
A32: 18.05.2018 | B32: ben1996123 | C32: 345.934 | D32: 6261 | E32: 18.098 | F32: Keyboard | G32: 5x5 Grids | J32: ... | K32: =TEXT(INT(C32/60),"00") & ":" & TEXT(INT(MOD(C32,60)),"00") & "." & TEXT(MOD(C32,1)*1000,"000") -> 05:45.934
A33: 12.09.2016 | B33: ben1996123 | C33: 346.624 | D33: 6080 | E33: 17.54 | F33: Keyboard | G33: 5x5 Grids | J33: ... | K33: =TEXT(INT(C33/60),"00") & ":" & TEXT(INT(MOD(C33,60)),"00") & "." & TEXT(MOD(C33,1)*1000,"000") -> 05:46.624
A34: 01.09.2016 | B34: ben1996123 | C34: 407.136 | D34: 7124 | E34: 17.497 | F34: Keyboard | G34: 5x5 Grids | J34: ... | K34: =TEXT(INT(C34/60),"00") & ":" & TEXT(INT(MOD(C34,60)),"00") & "." & TEXT(MOD(C34,1)*1000,"000") -> 06:47.136

Sheet 16x16 single
A1: Date | B1: Name | C1: Time | D1: Movecount | E1: TPS | F1: Control | G1: Style | H1: Scramble | I1: Solution | J1: Video | K1: Time (Minutes)
A2: 13.04.2025 | B2: vovker | C2: 213.888 | D2: 7132 | E2: 33.345 | F2: Mouse | G2: 16x8 - 8x8 - 4x8 Grids | J2: https://www.youtube.com/watch?v=-S2ZPuPy9T0 | K2: =TEXT(INT(C2/60),"00") & ":" & TEXT(INT(MOD(C2,60)),"00") & "." & TEXT(MOD(C2,1)*1000,"000") -> 03:33.888
A3: 13.04.2025 | B3: vovker | C3: 220.159 | D3: 7330 | E3: 33.294 | F3: Mouse | G3: 16x8 - 8x8 - 4x8 Grids | J3: ... | K3: =TEXT(INT(C3/60),"00") & ":" & TEXT(INT(MOD(C3,60)),"00") & "." & TEXT(MOD(C3,1)*1000,"000") -> 03:40.159
A4: 27.03.2025 | B4: vovker | C4: 221.025 | D4: 7303 | E4: 33.042 | F4: Mouse | G4: 16x8 - 8x8 - 4x8 Grids | J4: ... | K4: =TEXT(INT(C4/60),"00") & ":" & TEXT(INT(MOD(C4,60)),"00") & "." & TEXT(MOD(C4,1)*1000,"000") -> 03:41.025
A5: 25.03.2025 | B5: vovker | C5: 223.509 | D5: 7308 | E5: 32.697 | F5: Mouse | G5: 16x8 - 8x8 - 4x8 Grids | J5: https://youtu.be/MFUYmSAWjWs | K5: =TEXT(INT(C5/60),"00") & ":" & TEXT(INT(MOD(C5,60)),"00") & "." & TEXT(MOD(C5,1)*1000,"000") -> 03:43.509
A6: 24.03.2025 | B6: vovker | C6: 229.105 | D6: 7238 | E6: 31.593 | F6: Mouse | G6: 16x8 - 8x8 - 4x8 Grids | J6: https://www.youtube.com/watch?v=o61E0Mq2tCY | K6: =TEXT(INT(C6/60),"00") & ":" & TEXT(INT(MOD(C6,60)),"00") & "." & TEXT(MOD(C6,1)*1000,"000") -> 03:49.105
A7: 24.03.2025 | B7: vovker | C7: 234.774 | D7: 7496 | E7: 31.928 | F7: Mouse | G7: 16x8 - 8x8 - 4x8 Grids | J7: ... | K7: =TEXT(INT(C7/60),"00") & ":" & TEXT(INT(MOD(C7,60)),"00") & "." & TEXT(MOD(C7,1)*1000,"000") -> 03:54.774
A8: 10.02.2025 | B8: vovker | C8: 239.113 | D8: 7891 | E8: 33.001 | F8: Mouse | G8: 16x8 - 8x8 - 4x8 Grids | H8: In replay | I8: In replay | J8: https://youtu.be/TTdgnrFEpGs | K8: =TEXT(INT(C8/60),"00") & ":" & TEXT(INT(MOD(C8,60)),"00") & "." & TEXT(MOD(C8,1)*1000,"000") -> 03:59.113
A9: 06.01.2025 | B9: vovker | C9: 245.569 | D9: 6951 | E9: 28.305 | F9: Mouse | G9: 16x8 - 8x8 - 4x8 Grids | H9: In replay | I9: In replay | J9: ... | K9: =TEXT(INT(C9/60),"00") & ":" & TEXT(INT(MOD(C9,60)),"00") & "." & TEXT(MOD(C9,1)*1000,"000") -> 04:05.569
A10: 12.12.2024 | B10: vovker | C10: 253.472 | D10: 7510 | E10: 29.628 | F10: Mouse | G10: 16x8 - 8x8 - 4x8 Grids | H10: In replay | I10: In replay | J10: https://youtu.be/EQcGXuCR0DQ | K10: =TEXT(INT(C10/60),"00") & ":" & TEXT(INT(MOD(C10,60)),"00") & "." & TEXT(MOD(C10,1)*1000,"000") -> 04:13.472
A11: 20.09.2024 | B11: Daanbe | C11: 257.07 | D11: 7233 | E11: 28.136 | F11: Mouse | G11: 16x8 - 8x8 - 4x8 Grids | H11: In replay | I11: In replay | J11: https://www.youtube.com/watch?v=0Xvx7aLNZLk | K11: =TEXT(INT(C11/60),"00") & ":" & TEXT(INT(MOD(C11,60)),"00") & "." & TEXT(MOD(C11,1)*1000,"000") -> 04:17.070
A12: 18.09.2024 | B12: Daanbe | C12: 271.35 | D12: 7419 | E12: 27.341 | F12: Mouse | G12: 16x8 - 8x8 - 4x8 Grids | J12: ... | K12: =TEXT(INT(C12/60),"00") & ":" & TEXT(INT(MOD(C12,60)),"00") & "." & TEXT(MOD(C12,1)*1000,"000") -> 04:31.350
A13: 07.05.2024 | B13: Daanbe | C13: 271.482 | D13: 7438 | E13: 27.397 | F13: Mouse | G13: 16x8 - 8x8 - 4x8 Grids | J13: ... | K13: =TEXT(INT(C13/60),"00") & ":" & TEXT(INT(MOD(C13,60)),"00") & "." & TEXT(MOD(C13,1)*1000,"000") -> 04:31.482
A14: 07.05.2024 | B14: Daanbe | C14: 284.514 | D14: 7636 | E14: 26.838 | F14: Mouse | G14: 16x8 - 8x8 - 4x8 Grids | J14: ... | K14: =TEXT(INT(C14/60),"00") & ":" & TEXT(INT(MOD(C14,60)),"00") & "." & TEXT(MOD(C14,1)*1000,"000") -> 04:44.514
A15: 30.05.2023 | B15: Daanbe | C15: 284.685 | D15: 7384 | E15: 25.937 | F15: Mouse | G15: 16x8 - 8x8 - 4x8 Grids | J15: ... | K15: =TEXT(INT(C15/60),"00") & ":" & TEXT(INT(MOD(C15,60)),"00") & "." & TEXT(MOD(C15,1)*1000,"000") -> 04:44.685
A16: 30.03.2023 | B16: Daanbe | C16: 288.957 | D16: 7825 | E16: 27.08 | F16: Mouse | G16: 16x8 - 8x8 - 4x8 Grids | J16: https://www.youtube.com/watch?v=GGlJQ03bra8 | K16: =TEXT(INT(C16/60),"00") & ":" & TEXT(INT(MOD(C16,60)),"00") & "." & TEXT(MOD(C16,1)*1000,"000") -> 04:48.957
A17: 29.01.2023 | B17: Daanbe | C17: 292.926 | D17: 7924 | E17: 27.051 | F17: Mouse | G17: 16x8 - 8x8 - 4x8 Grids | J17: https://youtu.be/GGlJQ03bra8 | K17: =TEXT(INT(C17/60),"00") & ":" & TEXT(INT(MOD(C17,60)),"00") & "." & TEXT(MOD(C17,1)*1000,"000") -> 04:52.926
A18: 29.01.2023 | B18: Daanbe | C18: 294.955 | D18: 7465 | E18: 25.308 | F18: Mouse | G18: 16x8 - 8x8 - 4x8 Grids | J18: ... | K18: =TEXT(INT(C18/60),"00") & ":" & TEXT(INT(MOD(C18,60)),"00") & "." & TEXT(MOD(C18,1)*1000,"000") -> 04:54.955
A19: 12.01.2023 | B19: Daanbe | C19: 302.555 | D19: 7903 | E19: 26.12 | F19: Mouse | G19: 16x8 - 8x8 - 4x8 Grids | J19: ... | K19: =TEXT(INT(C19/60),"00") & ":" & TEXT(INT(MOD(C19,60)),"00") & "." & TEXT(MOD(C19,1)*1000,"000") -> 05:02.555
A20: 22.07.2022 | B20: Daanbe | C20: 306.096 | D20: 7730 | E20: 25.253 | F20: Mouse | G20: 16x8 - 8x8 - 4x8 Grids | J20: ... | K20: =TEXT(INT(C20/60),"00") & ":" & TEXT(INT(MOD(C20,60)),"00") & "." & TEXT(MOD(C20,1)*1000,"000") -> 05:06.096
A21: 11.07.2022 | B21: Daanbe | C21: 308.624 | D21: 7422 | E21: 24.048 | F21: Mouse | G21: 16x8 - 8x8 - 4x8 Grids | J21: https://www.youtube.com/watch?v=m7Vj-ysb8Sk | K21: =TEXT(INT(C21/60),"00") & ":" & TEXT(INT(MOD(C21,60)),"00") & "." & TEXT(MOD(C21,1)*1000,"000") -> 05:08.624
A22: 10.07.2022 | B22: Daanbe | C22: 327.889 | D22: 7730 | E22: 23.575 | F22: Mouse | G22: 16x8 - 8x8 - 4x8 Grids | J22: ... | K22: =TEXT(INT(C22/60),"00") & ":" & TEXT(INT(MOD(C22,60)),"00") & "." & TEXT(MOD(C22,1)*1000,"000") -> 05:27.889
A23: 10.07.2022 | B23: Daanbe | C23: 329.811 | D23: 7921 | E23: 24.016 | F23: Mouse | G23: 16x8 - 8x8 - 4x8 Grids | J23: ... | K23: =TEXT(INT(C23/60),"00") & ":" & TEXT(INT(MOD(C23,60)),"00") & "." & TEXT(MOD(C23,1)*1000,"000") -> 05:29.811
... A36: 28.09.2016 | B36: ben1996123 | C36: 441.341 | D36: 8027 | E36: 18.187 | F36: Keyboard | G36: 8x8 - 4x4 Grids | J36: ... | K36: =TEXT(INT(C36/60),"00") & ":" & TEXT(INT(MOD(C36,60)),"00") & "." & TEXT(MOD(C36,1)*1000,"000") -> 07:21.341

Sheet 17x17 single
A1: Date | B1: Name | C1: Time | D1: Movecount | E1: TPS | F1: Control | G1: Style | H1: Scramble | I1: Solution | J1: Video | K1: Time (Minutes)
A2: 13.06.2025 | B2: vovker | C2: 279.282 | D2: 9256 | E2: 33.142 | F2: Mouse | G2: 17x9 - 9x9 - 5x9 Grids | J2: ... | K2: =TEXT(INT(C2/60),"00") & ":" & TEXT(INT(MOD(C2,60)),"00") & "." & TEXT(MOD(C2,1)*1000,"000") -> 04:39.282
A3: 25.03.2025 | B3: vovker | C3: 279.976 | D3: 8840 | E3: 31.574 | F3: Mouse | G3: 17x9 - 9x9 - 9x5 - 5x5 Grids | J3: https://youtu.be/TldwYQzAPVM | K3: =TEXT(INT(C3/60),"00") & ":" & TEXT(INT(MOD(C3,60)),"00") & "." & TEXT(MOD(C3,1)*1000,"000") -> 04:39.976
A4: 25.03.2025 | B4: vovker | C4: 287.802 | D4: 9043 | E4: 31.42 | F4: Mouse | G4: 17x9 - 9x9 - 9x5 - 5x5 Grids | J4: ... | K4: =TEXT(INT(C4/60),"00") & ":" & TEXT(INT(MOD(C4,60)),"00") & "." & TEXT(MOD(C4,1)*1000,"000") -> 04:47.802
A5: 25.03.2025 | B5: vovker | C5: 288.567 | D5: 8673 | E5: 30.055 | F5: Mouse | G5: 17x9 - 9x9 - 9x5 - 5x5 Grids | J5: ... | K5: =TEXT(INT(C5/60),"00") & ":" & TEXT(INT(MOD(C5,60)),"00") & "." & TEXT(MOD(C5,1)*1000,"000") -> 04:48.567
A6: 09.01.2025 | B6: vovker | C6: 294.997 | D6: 8864 | E6: 30.048 | F6: Mouse | G6: 17x9 - 9x9 - 5x9 Grids | H6: In replay | I6: In replay | J6: https://youtu.be/DW3zgCgDWwc | K6: =TEXT(INT(C6/60),"00") & ":" & TEXT(INT(MOD(C6,60)),"00") & "." & TEXT(MOD(C6,1)*1000,"000") -> 04:54.997
A7: 09.01.2025 | B7: vovker | C7: 319.322 | D7: 9184 | E7: 28.76 | F7: Mouse | G7: 17x9 - 9x9 - 5x9 Grids | H7: In replay | I7: In replay | J7: ... | K7: =TEXT(INT(C7/60),"00") & ":" & TEXT(INT(MOD(C7,60)),"00") & "." & TEXT(MOD(C7,1)*1000,"000") -> 05:19.322
A8: 06.01.2025 | B8: vovker | C8: 320.45 | D8: 9043 | E8: 28.219 | F8: Mouse | G8: 17x9 - 9x9 - 5x9 Grids | H8: In replay | I8: In replay | J8: ... | K8: =TEXT(INT(C8/60),"00") & ":" & TEXT(INT(MOD(C8,60)),"00") & "." & TEXT(MOD(C8,1)*1000,"000") -> 05:20.450
A9: 15.11.2024 | B9: vovker | C9: 336.381 | D9: 8930 | E9: 26.547 | F9: Mouse | G9: 17x9 - 9x9 - 9x5 - 5x5 Grids | H9: In replay | I9: In replay | J9: ... | K9: =TEXT(INT(C9/60),"00") & ":" & TEXT(INT(MOD(C9,60)),"00") & "." & TEXT(MOD(C9,1)*1000,"000") -> 05:36.381
A10: 08.05.2024 | B10: Daanbe | C10: 337.82 | D10: 9043 | E10: 26.769 | F10: Mouse | G10: 17x9 - 9x9 - 5x9 Grids | H10: In replay | I10: In replay | J10: ... | K10: =TEXT(INT(C10/60),"00") & ":" & TEXT(INT(MOD(C10,60)),"00") & "." & TEXT(MOD(C10,1)*1000,"000") -> 05:37.820
A11: 30.05.2023 | B11: Daanbe | C11: 344.66 | D11: 8768 | E11: 25.439 | F11: Mouse | G11: 17x9 - 9x9 - 5x9 Grids | H11: In replay | I11: In replay | J11: ... | K11: =TEXT(INT(C11/60),"00") & ":" & TEXT(INT(MOD(C11,60)),"00") & "." & TEXT(MOD(C11,1)*1000,"000") -> 05:44.660
A12: 28.05.2023 | B12: Daanbe | C12: 359.553 | D12: 8955 | E12: 24.905 | F12: Mouse | G12: 17x9 - 9x9 - 5x9 Grids | H12: In replay | I12: In replay | J12: ... | K12: =TEXT(INT(C12/60),"00") & ":" & TEXT(INT(MOD(C12,60)),"00") & "." & TEXT(MOD(C12,1)*1000,"000") -> 05:59.553
A13: 08.03.2023 | B13: Daanbe | C13: 372.658 | D13: 10096 | E13: 27.091 | F13: Mouse | G13: 17x9 - 9x9 - 5x9 Grids | H13: In replay | I13: In replay | J13: ... | K13: =TEXT(INT(C13/60),"00") & ":" & TEXT(INT(MOD(C13,60)),"00") & "." & TEXT(MOD(C13,1)*1000,"000") -> 06:12.658
A14: 05.02.2023 | B14: Daanbe | C14: 380.552 | D14: 9705 | E14: 25.502 | F14: Mouse | G14: 17x9 - 9x9 - 5x9 Grids | H14: In replay | I14: In replay | J14: ... | K14: =TEXT(INT(C14/60),"00") & ":" & TEXT(INT(MOD(C14,60)),"00") & "." & TEXT(MOD(C14,1)*1000,"000") -> 06:20.552
A15: 07.01.2023 | B15: Daanbe | C15: 390.51 | D15: 9650 | E15: 24.711 | F15: Mouse | G15: 17x9 - 9x9 - 5x9 Grids | H15: In replay | I15: In replay | J15: ... | K15: =TEXT(INT(C15/60),"00") & ":" & TEXT(INT(MOD(C15,60)),"00") & "." & TEXT(MOD(C15,1)*1000,"000") -> 06:30.510
A16: 28.07.2022 | B16: Daanbe | C16: 403.58 | D16: 9311 | E16: 23.071 | F16: Mouse | G16: 17x9 - 9x9 - 5x9 Grids | H16: ... | I16: ... | J16: ... | K16: =TEXT(INT(C16/60),"00") & ":" & TEXT(INT(MOD(C16,60)),"00") & "." & TEXT(MOD(C16,1)*1000,"000") -> 06:43.580
A17: 10.07.2022 | B17: Daanbe | C17: 417.035 | D17: 9428 | E17: 22.607 | F17: Mouse | G17: 17x9 - 9x9 - 5x9 Grids | H17: ... | I17: ... | J17: ... | K17: =TEXT(INT(C17/60),"00") & ":" & TEXT(INT(MOD(C17,60)),"00") & "." & TEXT(MOD(C17,1)*1000,"000") -> 06:57.035
... A22: 29.09.2016 | B22: ben1996123 | C22: 575.879 | D22: 10434 | E22: 18.118 | F22: Keyboard | G22: ... | H22: ... | I22: ... | J22: ... | K22: =TEXT(INT(C22/60),"00") & ":" & TEXT(INT(MOD(C22,60)),"00") & "." & TEXT(MOD(C22,1)*1000,"000") -> 09:35.879

Sheet 18x18 single
A1: Date | B1: Name | C1: Time | D1: Movecount | E1: TPS | F1: Control | G1: Style | H1: Scramble | I1: Solution | J1: Video | K1: Time (Minutes)
A2: 12.04.2025 | B2: vovker | C2: 315.632 | D2: 10513 | E2: 33.308 | F2: Mouse | G2: 18x9 - 9x9 - 9x5 - 5x5 Grids | J2: https://youtu.be/NOrEOfTzPfA | K2: =TEXT(INT(C2/60),"00") & ":" & TEXT(INT(MOD(C2,60)),"00") & "." & TEXT(MOD(C2,1)*1000,"000") -> 05:15.632
A3: 25.03.2025 | B3: vovker | C3: 332.526 | D3: 10526 | E3: 31.655 | F3: Mouse | G3: 18x9 - 9x9 - 9x5 - 5x5 Grids | J3: https://youtu.be/k3JUNFvr6Yo | K3: =TEXT(INT(C3/60),"00") & ":" & TEXT(INT(MOD(C3,60)),"00") & "." & TEXT(MOD(C3,1)*1000,"000") -> 05:32.526
A4: 25.03.2025 | B4: vovker | C4: 347.704 | D4: 11354 | E4: 32.654 | F4: Mouse | G4: 18x9 - 9x9 - 9x5 - 5x5 Grids | J4: ... | K4: =TEXT(INT(C4/60),"00") & ":" & TEXT(INT(MOD(C4,60)),"00") & "." & TEXT(MOD(C4,1)*1000,"000") -> 05:47.704
A5: 09.01.2025 | B5: vovker | C5: 357.18 | D5: 10398 | E5: 29.111 | F5: Mouse | G5: 18x9 - 9x9 - 9x5 - 5x5 Grids | H5: In replay | I5: In replay | J5: ... | K5: =TEXT(INT(C5/60),"00") & ":" & TEXT(INT(MOD(C5,60)),"00") & "." & TEXT(MOD(C5,1)*1000,"000") -> 05:57.180
A6: 14.12.2024 | B6: vovker | C6: 360.56 | D6: 10579 | E6: 29.34 | F6: Mouse | G6: 18x9 - 9x9 - 9x5 - 5x5 Grids | H6: In replay | I6: In replay | J6: https://youtu.be/02pLiQZ8XXY | K6: =TEXT(INT(C6/60),"00") & ":" & TEXT(INT(MOD(C6,60)),"00") & "." & TEXT(MOD(C6,1)*1000,"000") -> 06:00.560
A7: 13.12.2024 | B7: vovker | C7: 364.641 | D7: 10867 | E7: 29.801 | F7: Mouse | G7: 18x9 - 9x9 - 9x5 - 5x5 Grids | H7: In replay | I7: In replay | J7: ... | K7: =TEXT(INT(C7/60),"00") & ":" & TEXT(INT(MOD(C7,60)),"00") & "." & TEXT(MOD(C7,1)*1000,"000") -> 06:04.641
A8: 13.12.2024 | B8: vovker | C8: 371.819 | D8: 10514 | E8: 28.277 | F8: Mouse | G8: 18x9 - 9x9 - 9x5 - 5x5 Grids | H8: In replay | I8: In replay | J8: ... | K8: =TEXT(INT(C8/60),"00") & ":" & TEXT(INT(MOD(C8,60)),"00") & "." & TEXT(MOD(C8,1)*1000,"000") -> 06:11.819
A9: 13.12.2024 | B9: vovker | C9: 388.818 | D9: 10799 | E9: 27.773 | F9: Mouse | G9: 18x9 - 9x9 - 9x5 - 5x5 Grids | H9: In replay | I9: In replay | J9: ... | K9: =TEXT(INT(C9/60),"00") & ":" & TEXT(INT(MOD(C9,60)),"00") & "." & TEXT(MOD(C9,1)*1000,"000") -> 06:28.818
A10: 14.11.2024 | B10: vovker | C10: 395.655 | D10: 10280 | E10: 25.982 | F10: Mouse | G10: 18x9 - 9x9 - 9x5 - 5x5 Grids | H10: In replay | I10: In replay | J10: ... | K10: =TEXT(INT(C10/60),"00") & ":" & TEXT(INT(MOD(C10,60)),"00") & "." & TEXT(MOD(C10,1)*1000,"000") -> 06:35.655
